Employee_ID,Emp_Name,Age,Department,Region,Status,Join_Date,Salary,Email,Phone,Performance_Score,Remote_Work
EMP1000,Bob Davis,25,DevOps,California,Active,02-04-2021,59767.64844,bob.davis.emp1000@example.com,1651623197,Average,1
EMP1001,Bob Brown,32,Finance,Texas,Active,10-07-2020,65304.66016,bob.brown.emp1001@example.com,1898471390,Excellent,1
EMP1002,Alice Jones,32,Admin,Nevada,Pending,07-12-2023,88145.89844,alice.jones.emp1002@example.com,5596363211,Good,1
EMP1003,Eva Davis,25,Admin,Nevada,Inactive,27-11-2021,69450.99219,eva.davis.emp1003@example.com,3476490784,Good,1
EMP1004,Frank Williams,25,Cloud Tech,Florida,Active,05-01-2022,109324.6094,frank.williams.emp1004@example.com,1586734256,Poor,0
EMP1005,Alice Garcia,40,Sales,Texas,Inactive,10-06-2020,88642.84375,alice.garcia.emp1005@example.com,5409003485,Good,0
EMP1006,Frank Jones,32,Admin,Nevada,Active,03-04-2020,96288.42969,frank.jones.emp1006@example.com,4518376063,Good,0
EMP1007,Bob Jones,30,Cloud Tech,Florida,Inactive,17-07-2022,94497.90625,bob.jones.emp1007@example.com,4134327559,Average,1
EMP1008,Frank Davis,35,Admin,Nevada,Inactive,08-12-2023,115565.8203,frank.davis.emp1008@example.com,4177656123,Excellent,1
EMP1009,Charlie Johnson,32,DevOps,New York,Active,04-08-2022,76561.88281,charlie.johnson.emp1009@example.com,8156985699,Excellent,1
EMP1010,David Williams,35,Cloud Tech,New York,Active,06-07-2024,72081.71094,david.williams.emp1010@example.com,2720634590,Average,0
EMP1011,David Davis,32,DevOps,California,Active,04-09-2023,84946.1875,david.davis.emp1011@example.com,1238296576,Poor,1
EMP1012,Heidi Williams,30,HR,New York,Active,05-03-2024,89295.77344,heidi.williams.emp1012@example.com,2429543164,Excellent,0
EMP1013,Grace Williams,32,Finance,California,Active,10-10-2020,85666.84375,grace.williams.emp1013@example.com,2669300892,Good,0
EMP1014,Alice Garcia,25,Admin,Nevada,Active,10-06-2024,97633.67969,alice.garcia.emp1014@example.com,1734206968,Excellent,1
EMP1015,Grace Jones,40,Sales,Florida,Pending,29-05-2021,117975.4922,grace.jones.emp1015@example.com,4215291085,Good,1
EMP1016,Alice Brown,25,DevOps,Illinois,Inactive,23-04-2024,94867.32813,alice.brown.emp1016@example.com,7713334475,Poor,0
EMP1017,Grace Garcia,30,Finance,Texas,Pending,28-11-2024,100377.6484,grace.garcia.emp1017@example.com,2639343625,Average,1
EMP1018,Charlie Garcia,32,Cloud Tech,Nevada,Inactive,19-09-2024,94726.46094,charlie.garcia.emp1018@example.com,2044397358,Excellent,0
EMP1019,Charlie Williams,35,Admin,Illinois,Pending,02-01-2020,91926.11719,charlie.williams.emp1019@example.com,7107256365,Average,1
EMP1020,Bob Miller,35,HR,New York,Active,08-05-2021,111460.6719,bob.miller.emp1020@example.com,9411800536,Excellent,1
EMP1021,Bob Jones,40,Cloud Tech,Illinois,Active,19-09-2020,96182.5625,bob.jones.emp1021@example.com,5990048963,Good,0
EMP1022,Charlie Johnson,35,Sales,Illinois,Inactive,09-03-2021,115023.9375,charlie.johnson.emp1022@example.com,6528092427,Average,1
EMP1023,David Garcia,35,Finance,Nevada,Pending,03-02-2022,80667.00781,david.garcia.emp1023@example.com,7572158623,Excellent,0
EMP1024,Bob Brown,30,Admin,Texas,Inactive,13-02-2020,91181.60938,bob.brown.emp1024@example.com,1502745643,Good,1
EMP1025,David Miller,25,Cloud Tech,Nevada,Pending,30-04-2020,66025.92188,david.miller.emp1025@example.com,9485625727,Average,0
EMP1026,Frank Miller,25,Sales,New York,Inactive,02-10-2023,83979.00781,frank.miller.emp1026@example.com,7032032073,Average,0
EMP1027,Heidi Johnson,30,Finance,Florida,Active,12-07-2020,56785.16016,heidi.johnson.emp1027@example.com,2761707586,Excellent,1
EMP1028,Grace Garcia,40,Finance,Nevada,Active,11-10-2023,95741.88281,grace.garcia.emp1028@example.com,7712151341,Excellent,0
EMP1029,Alice Brown,40,DevOps,California,Active,24-05-2021,63411.30859,alice.brown.emp1029@example.com,2849939088,Excellent,1
EMP1030,Charlie Jones,40,Admin,California,Inactive,26-05-2021,111214.0234,charlie.jones.emp1030@example.com,2613715040,Good,1
EMP1031,Bob Smith,25,DevOps,Illinois,Active,10-07-2020,114845.6875,bob.smith.emp1031@example.com,6591520176,Excellent,1
EMP1032,Charlie Brown,40,Finance,Florida,Active,05-11-2024,78072.82031,charlie.brown.emp1032@example.com,7490509758,Average,0
EMP1033,Grace Johnson,25,Finance,California,Inactive,07-08-2021,79610.52344,grace.johnson.emp1033@example.com,2304501895,Average,0
EMP1034,Heidi Miller,30,Admin,California,Active,29-04-2020,90542.61719,heidi.miller.emp1034@example.com,1642361031,Excellent,1
EMP1035,Frank Jones,25,Cloud Tech,Illinois,Inactive,26-10-2022,114357.1016,frank.jones.emp1035@example.com,6642147648,Excellent,1
EMP1036,Alice Brown,32,Cloud Tech,New York,Active,03-05-2023,54757.26172,alice.brown.emp1036@example.com,2515837766,Poor,0
EMP1037,Grace Smith,25,Sales,New York,Pending,02-05-2023,52781.92188,grace.smith.emp1037@example.com,4996165925,Average,1
EMP1038,Frank Smith,35,Admin,Nevada,Pending,05-10-2021,66708.02344,frank.smith.emp1038@example.com,6108573277,Good,1
EMP1039,Eva Williams,40,HR,Texas,Active,27-07-2022,93481.14844,eva.williams.emp1039@example.com,8147617421,Poor,0
EMP1040,Bob Williams,25,Sales,New York,Pending,27-06-2021,59271.96094,bob.williams.emp1040@example.com,4386490809,Excellent,1
EMP1041,Bob Davis,30,HR,California,Active,16-06-2022,108362.1484,bob.davis.emp1041@example.com,8186617944,Excellent,0
EMP1042,Alice Johnson,32,HR,Nevada,Active,03-12-2024,59400.37891,alice.johnson.emp1042@example.com,4918017225,Average,1
EMP1043,Bob Garcia,32,Admin,California,Inactive,23-05-2023,64744.07813,bob.garcia.emp1043@example.com,NULL,Excellent,0
EMP1044,Eva Brown,32,Finance,California,Active,08-07-2020,94399.90625,eva.brown.emp1044@example.com,5232194167,Good,1
EMP1045,Alice Brown,25,HR,New York,Pending,20-06-2021,61310.73828,alice.brown.emp1045@example.com,NULL,Average,1
EMP1046,Grace Garcia,32,Cloud Tech,Texas,Active,13-12-2024,98371.36719,grace.garcia.emp1046@example.com,7499564121,Excellent,0
EMP1047,Alice Davis,35,Sales,Illinois,Active,30-05-2022,58921.19141,alice.davis.emp1047@example.com,NULL,Average,1
EMP1048,Alice Miller,35,Admin,Nevada,Active,27-09-2023,57195.55078,alice.miller.emp1048@example.com,6831472759,Excellent,0
EMP1049,Grace Miller,32,DevOps,New York,Active,05-11-2024,61375.12109,grace.miller.emp1049@example.com,1227770792,Excellent,1
EMP1050,Charlie Davis,40,Cloud Tech,New York,Pending,11-11-2021,104767.0469,charlie.davis.emp1050@example.com,3496050165,Excellent,0
EMP1051,David Miller,35,Admin,Nevada,Active,22-02-2022,111051.6719,david.miller.emp1051@example.com,7998407677,Good,0
EMP1052,David Williams,30,Finance,California,Inactive,07-08-2024,105674.1797,david.williams.emp1052@example.com,9973080694,Good,0
EMP1053,Alice Brown,30,Finance,California,Inactive,05-11-2024,54859.44922,alice.brown.emp1053@example.com,8146717956,Average,0
EMP1054,Frank Davis,32,Finance,Nevada,Pending,09-11-2021,115746.6016,frank.davis.emp1054@example.com,6024375737,Excellent,1
EMP1055,Eva Brown,30,Sales,California,Active,10-08-2020,91759.99219,eva.brown.emp1055@example.com,3959724664,Excellent,1
EMP1056,Frank Garcia,40,Sales,Illinois,Active,27-02-2022,112965.3281,frank.garcia.emp1056@example.com,7293417222,Good,0
EMP1057,Alice Smith,40,Cloud Tech,Illinois,Pending,07-11-2023,100360.1016,alice.smith.emp1057@example.com,2971674337,Excellent,0
EMP1058,David Williams,35,Finance,Texas,Pending,07-11-2021,93620.88281,david.williams.emp1058@example.com,NULL,Good,0
EMP1059,Bob Jones,35,Sales,California,Pending,16-04-2022,72832.79688,bob.jones.emp1059@example.com,5619318373,Excellent,1
EMP1060,Charlie Williams,30,Finance,Nevada,Inactive,19-10-2023,102369.4219,charlie.williams.emp1060@example.com,5508428909,Average,1
EMP1061,Eva Davis,40,Sales,Texas,Inactive,10-08-2021,64712.78906,eva.davis.emp1061@example.com,7711991807,Excellent,1
EMP1062,Frank Jones,40,Finance,Florida,Pending,13-03-2021,85782.17969,frank.jones.emp1062@example.com,1213524786,Excellent,1
EMP1063,Charlie Smith,25,HR,Illinois,Pending,20-07-2023,93348.25781,charlie.smith.emp1063@example.com,1255213759,Poor,0
EMP1064,David Davis,35,Admin,New York,Active,20-02-2020,53234.96094,david.davis.emp1064@example.com,3754821455,Good,0
EMP1065,Bob Johnson,40,Finance,Nevada,Pending,02-02-2021,100284.2109,bob.johnson.emp1065@example.com,5328632665,Excellent,0
EMP1066,Grace Brown,30,Admin,Nevada,Pending,12-01-2020,112486.1875,grace.brown.emp1066@example.com,7850720810,Excellent,1
EMP1067,Bob Smith,40,Admin,New York,Pending,26-11-2022,82518.49219,bob.smith.emp1067@example.com,5562606028,Poor,1
EMP1068,Bob Brown,40,Admin,Florida,Pending,23-12-2022,119152.4688,bob.brown.emp1068@example.com,NULL,Poor,1
EMP1069,Heidi Miller,32,DevOps,Illinois,Inactive,28-08-2024,113479.8281,heidi.miller.emp1069@example.com,4892673898,Good,0
EMP1070,Charlie Johnson,40,Finance,California,Active,16-09-2024,94636.29688,charlie.johnson.emp1070@example.com,7563410855,Poor,0
EMP1071,Heidi Johnson,30,HR,Florida,Active,01-01-2024,70000.96875,heidi.johnson.emp1071@example.com,2884318847,Average,1
EMP1072,Frank Smith,32,Cloud Tech,New York,Active,18-04-2021,76812.46875,frank.smith.emp1072@example.com,5200894345,Poor,0
EMP1073,David Johnson,25,Finance,Florida,Inactive,16-01-2023,82614.70313,david.johnson.emp1073@example.com,8105485100,Average,1
EMP1074,Grace Jones,40,Sales,Nevada,Active,20-10-2024,111645.9688,grace.jones.emp1074@example.com,7490753997,Good,1
EMP1075,Heidi Johnson,25,HR,California,Inactive,13-10-2024,112414.9063,heidi.johnson.emp1075@example.com,9354492682,Good,0
EMP1076,David Brown,40,Admin,California,Inactive,21-09-2022,52031.73828,david.brown.emp1076@example.com,1589357125,Good,1
EMP1077,Grace Brown,30,Finance,New York,Pending,29-12-2022,51887.64844,grace.brown.emp1077@example.com,6110627370,Good,0
EMP1078,Alice Davis,25,DevOps,Florida,Active,10-11-2024,82318.89063,alice.davis.emp1078@example.com,5869886496,Good,1
EMP1079,Grace Brown,35,Admin,Florida,Inactive,22-11-2021,103286.0781,grace.brown.emp1079@example.com,6776228276,Average,0
EMP1080,Grace Davis,35,Cloud Tech,Florida,Active,14-03-2024,87759.32813,grace.davis.emp1080@example.com,2881377027,Average,0
EMP1081,Frank Brown,30,DevOps,Texas,Pending,23-03-2020,102796.3203,frank.brown.emp1081@example.com,5196115939,Good,0
EMP1082,David Jones,25,Sales,New York,Active,15-09-2020,83149.27344,david.jones.emp1082@example.com,8215454469,Poor,1
EMP1083,David Garcia,40,DevOps,California,Inactive,09-12-2020,92412.49219,david.garcia.emp1083@example.com,2296044326,Excellent,1
EMP1084,Bob Davis,30,HR,Texas,Pending,22-02-2020,115022.1016,bob.davis.emp1084@example.com,NULL,Good,0
EMP1085,Grace Williams,40,DevOps,New York,Active,27-04-2023,98343.00781,grace.williams.emp1085@example.com,9756792286,Poor,0
EMP1086,Bob Miller,35,DevOps,Illinois,Active,18-06-2024,118869.1016,bob.miller.emp1086@example.com,7725199662,Excellent,1
EMP1087,Frank Smith,32,Finance,Nevada,Inactive,21-05-2020,85417.25781,frank.smith.emp1087@example.com,6580741208,Good,1
EMP1088,Grace Brown,40,Cloud Tech,Florida,Inactive,25-07-2023,112410.25,grace.brown.emp1088@example.com,4818139889,Good,1
EMP1089,Charlie Johnson,40,Admin,Nevada,Pending,25-08-2023,68905.77344,charlie.johnson.emp1089@example.com,9837801819,Average,0
EMP1090,Heidi Garcia,40,Finance,Nevada,Pending,03-07-2021,72561.32031,heidi.garcia.emp1090@example.com,4339718955,Excellent,1
EMP1091,Bob Brown,35,Finance,New York,Inactive,13-03-2023,92723.21875,bob.brown.emp1091@example.com,9070562607,Excellent,1
EMP1092,Alice Johnson,40,HR,New York,Inactive,10-03-2021,74837.75,alice.johnson.emp1092@example.com,5641118241,Poor,0
EMP1093,Eva Miller,32,DevOps,California,Pending,21-01-2020,86163.90625,eva.miller.emp1093@example.com,2412462094,Average,1
EMP1094,David Miller,40,Finance,Illinois,Active,15-11-2023,83326.52344,david.miller.emp1094@example.com,2004615264,Average,1
EMP1095,Heidi Miller,25,Cloud Tech,California,Active,08-04-2022,98425.10156,heidi.miller.emp1095@example.com,4610339936,Average,1
EMP1096,Frank Johnson,40,Sales,Illinois,Inactive,21-05-2022,119764.2031,frank.johnson.emp1096@example.com,8861405785,Average,0
EMP1097,Frank Brown,40,HR,California,Inactive,17-04-2021,58445.91016,frank.brown.emp1097@example.com,1706304890,Excellent,0
EMP1098,Bob Miller,32,DevOps,New York,Active,19-03-2021,101702.3281,bob.miller.emp1098@example.com,3824967182,Excellent,0
EMP1099,Eva Jones,25,Admin,California,Active,09-01-2022,85155.56,eva.jones.emp1099@example.com,2582386869,Good,0
EMP1100,Charlie Davis,35,Cloud Tech,Texas,Pending,21-08-2021,98819.21875,charlie.davis.emp1100@example.com,NULL,Good,0
EMP1101,Heidi Johnson,25,Cloud Tech,Illinois,Inactive,19-08-2022,83509.99219,heidi.johnson.emp1101@example.com,4653984027,Average,0
EMP1102,Alice Johnson,35,Finance,Texas,Active,31-03-2022,84422.25781,alice.johnson.emp1102@example.com,9141612845,Average,0
EMP1103,Alice Brown,30,Admin,Illinois,Inactive,23-06-2020,119574.2734,alice.brown.emp1103@example.com,3985547434,Average,1
EMP1104,Grace Johnson,32,Sales,Illinois,Active,07-05-2024,86580.07813,grace.johnson.emp1104@example.com,5379502096,Good,1
EMP1105,Heidi Johnson,35,Sales,Florida,Inactive,10-03-2023,93471.90625,heidi.johnson.emp1105@example.com,NULL,Poor,0
EMP1106,Bob Miller,30,DevOps,New York,Inactive,14-09-2023,55683.12109,bob.miller.emp1106@example.com,8071569561,Poor,1
EMP1107,Bob Brown,30,Cloud Tech,Florida,Inactive,12-11-2023,91566.78125,bob.brown.emp1107@example.com,NULL,Good,1
EMP1108,David Miller,35,DevOps,California,Pending,26-10-2024,81782.1875,david.miller.emp1108@example.com,5319433749,Good,0
EMP1109,Eva Davis,32,DevOps,New York,Inactive,23-08-2020,88119.36719,eva.davis.emp1109@example.com,4793036148,Good,1
EMP1110,Eva Garcia,30,Cloud Tech,Texas,Active,11-06-2024,71532.82813,eva.garcia.emp1110@example.com,8728399920,Good,1
EMP1111,Eva Davis,40,Cloud Tech,Florida,Pending,14-09-2021,98981.35938,eva.davis.emp1111@example.com,9212493842,Good,1
EMP1112,Heidi Garcia,40,Cloud Tech,Illinois,Active,26-12-2024,80242.00781,heidi.garcia.emp1112@example.com,NULL,Good,1
EMP1113,Eva Miller,25,Cloud Tech,New York,Pending,08-09-2024,110236.1797,eva.miller.emp1113@example.com,6641877579,Average,1
EMP1114,Alice Davis,35,Sales,Texas,Active,21-08-2022,86327.46875,alice.davis.emp1114@example.com,3046875062,Average,0
EMP1115,Eva Brown,30,Sales,Florida,Pending,25-07-2024,84420.8125,eva.brown.emp1115@example.com,5190361331,Average,0
EMP1116,Frank Smith,40,HR,California,Pending,02-08-2020,110041.3203,frank.smith.emp1116@example.com,5411076094,Average,0
EMP1117,Heidi Miller,35,DevOps,Florida,Pending,16-03-2020,81837.8125,heidi.miller.emp1117@example.com,4317350582,Good,1
EMP1118,Frank Garcia,25,Finance,Illinois,Active,08-09-2023,110855.7188,frank.garcia.emp1118@example.com,1997179109,Poor,0
EMP1119,Alice Jones,30,Sales,California,Pending,29-03-2024,84894.52344,alice.jones.emp1119@example.com,NULL,Excellent,1
EMP1120,Alice Garcia,30,HR,Illinois,Active,12-08-2021,80668.13281,alice.garcia.emp1120@example.com,6110804660,Good,1
EMP1121,Bob Jones,25,DevOps,Illinois,Active,24-12-2023,61086.46875,bob.jones.emp1121@example.com,9639907675,Excellent,1
EMP1122,Grace Johnson,25,Admin,Texas,Inactive,28-08-2020,95339.67969,grace.johnson.emp1122@example.com,9915078592,Poor,1
EMP1123,Eva Davis,32,DevOps,California,Inactive,05-09-2024,83774.96875,eva.davis.emp1123@example.com,1109193927,Average,0
EMP1124,Heidi Jones,32,Admin,Florida,Active,12-05-2023,85576.85938,heidi.jones.emp1124@example.com,4567972319,Poor,0
EMP1125,Bob Garcia,35,Finance,California,Pending,01-07-2021,107438.4609,bob.garcia.emp1125@example.com,NULL,Good,1
EMP1126,Eva Johnson,32,Sales,Nevada,Inactive,07-11-2024,60401.67969,eva.johnson.emp1126@example.com,2274954507,Average,0
EMP1127,Frank Smith,35,Sales,Illinois,Inactive,21-07-2022,115299.6563,frank.smith.emp1127@example.com,9203880652,Good,1
EMP1128,David Brown,32,Finance,New York,Inactive,30-03-2020,72272.34375,david.brown.emp1128@example.com,3315377958,Average,0
EMP1129,Grace Brown,40,DevOps,Nevada,Active,11-10-2022,117537.7109,grace.brown.emp1129@example.com,9594652169,Excellent,0
EMP1130,Frank Brown,25,Finance,Texas,Pending,24-07-2022,51074.32813,frank.brown.emp1130@example.com,7303379336,Excellent,1
EMP1131,Charlie Jones,25,Finance,California,Inactive,30-06-2023,98489.32031,charlie.jones.emp1131@example.com,5636205014,Excellent,0
EMP1132,Frank Smith,32,Finance,California,Pending,11-01-2024,112120.7109,frank.smith.emp1132@example.com,NULL,Poor,1
EMP1133,Alice Jones,32,Cloud Tech,New York,Pending,02-11-2023,114465.0391,alice.jones.emp1133@example.com,NULL,Good,0
EMP1134,Bob Davis,40,Cloud Tech,Nevada,Pending,22-11-2024,57035.51172,bob.davis.emp1134@example.com,3230241025,Poor,1
EMP1135,Eva Jones,25,Cloud Tech,California,Active,23-08-2021,75092.42969,eva.jones.emp1135@example.com,1534735527,Excellent,1
EMP1136,David Smith,32,Finance,Illinois,Pending,11-06-2024,62603.98047,david.smith.emp1136@example.com,9611223385,Good,0
EMP1137,Grace Smith,32,DevOps,New York,Inactive,09-04-2023,60018.23828,grace.smith.emp1137@example.com,5596309937,Excellent,0
EMP1138,Eva Davis,40,HR,Nevada,Active,05-07-2024,82567.72656,eva.davis.emp1138@example.com,4253042896,Poor,1
EMP1139,Charlie Smith,25,Finance,California,Pending,04-09-2021,94725.71094,charlie.smith.emp1139@example.com,3179128684,Poor,0
EMP1140,Eva Garcia,40,HR,New York,Inactive,13-10-2024,83824.5625,eva.garcia.emp1140@example.com,7872558776,Poor,0
EMP1141,Frank Smith,32,HR,Nevada,Inactive,14-02-2020,118456.1094,frank.smith.emp1141@example.com,4969033372,Excellent,1
EMP1142,Eva Brown,25,Sales,Nevada,Pending,10-04-2020,113743.1875,eva.brown.emp1142@example.com,6346692547,Good,1
EMP1143,Eva Garcia,30,Sales,California,Active,27-07-2023,63309.23828,eva.garcia.emp1143@example.com,1214785389,Good,0
EMP1144,Charlie Garcia,25,DevOps,Nevada,Active,24-09-2021,105202.7266,charlie.garcia.emp1144@example.com,7895677664,Excellent,1
EMP1145,Frank Davis,30,Cloud Tech,California,Inactive,10-03-2024,79085.21875,frank.davis.emp1145@example.com,7546027340,Good,1
EMP1146,Frank Williams,32,Sales,California,Active,10-06-2021,113983.4297,frank.williams.emp1146@example.com,5148881430,Excellent,1
EMP1147,Eva Williams,35,Cloud Tech,Florida,Active,15-10-2020,102790.6016,eva.williams.emp1147@example.com,1150835353,Good,0
EMP1148,Grace Smith,32,HR,Texas,Inactive,29-01-2020,68512.10156,grace.smith.emp1148@example.com,4439284043,Average,0
EMP1149,Frank Garcia,35,Sales,Florida,Pending,30-01-2022,57584.23047,frank.garcia.emp1149@example.com,5669078262,Average,1
EMP1150,Alice Williams,32,Sales,California,Pending,29-03-2021,95335.67188,alice.williams.emp1150@example.com,3373898774,Poor,0
EMP1151,Heidi Williams,35,DevOps,Florida,Active,13-10-2020,53174.28125,heidi.williams.emp1151@example.com,1536637779,Average,1
EMP1152,Heidi Smith,25,Cloud Tech,New York,Pending,04-10-2020,77205.21094,heidi.smith.emp1152@example.com,5292407552,Average,0
EMP1153,Grace Williams,32,DevOps,Nevada,Active,18-12-2024,79041.92188,grace.williams.emp1153@example.com,6668459089,Average,1
EMP1154,Heidi Jones,32,Finance,California,Active,14-11-2023,75937.10156,heidi.jones.emp1154@example.com,2259999662,Excellent,1
EMP1155,David Johnson,35,Cloud Tech,Nevada,Inactive,20-01-2023,113118.7266,david.johnson.emp1155@example.com,6186371596,Average,0
EMP1156,Alice Davis,40,HR,New York,Active,02-10-2024,107693.3828,alice.davis.emp1156@example.com,4121820969,Average,1
EMP1157,David Johnson,32,Cloud Tech,Texas,Inactive,13-05-2021,119217.4609,david.johnson.emp1157@example.com,2316433480,Poor,0
EMP1158,David Smith,25,Sales,New York,Pending,18-03-2021,106913.7109,david.smith.emp1158@example.com,7058025661,Average,0
EMP1159,Charlie Brown,32,Cloud Tech,California,Active,23-09-2020,87815.07813,charlie.brown.emp1159@example.com,1286716322,Average,1
EMP1160,Bob Davis,25,Admin,Texas,Inactive,05-06-2024,105190.2109,bob.davis.emp1160@example.com,4672994937,Good,1
EMP1161,Alice Smith,30,HR,Texas,Active,28-02-2024,79467.24219,alice.smith.emp1161@example.com,7430271692,Poor,0
EMP1162,Bob Garcia,40,Finance,California,Pending,30-04-2023,57633.78125,bob.garcia.emp1162@example.com,8597779013,Poor,1
EMP1163,Alice Brown,32,HR,Florida,Pending,04-03-2020,54257.78125,alice.brown.emp1163@example.com,7546926328,Poor,1
EMP1164,Grace Johnson,40,DevOps,Texas,Inactive,29-12-2023,113679.0625,grace.johnson.emp1164@example.com,6762916031,Poor,1
EMP1165,Bob Smith,35,Sales,New York,Active,15-09-2020,69251.11719,bob.smith.emp1165@example.com,4841376814,Poor,1
EMP1166,Frank Garcia,40,Sales,Illinois,Inactive,18-07-2022,85388.57813,frank.garcia.emp1166@example.com,1185672437,Poor,1
EMP1167,Bob Davis,32,DevOps,New York,Inactive,13-07-2022,112166.3672,bob.davis.emp1167@example.com,NULL,Excellent,0
EMP1168,Heidi Davis,40,Finance,Nevada,Active,02-10-2021,79873.47656,heidi.davis.emp1168@example.com,NULL,Average,0
EMP1169,Frank Miller,30,DevOps,Florida,Active,05-07-2020,108224.0313,frank.miller.emp1169@example.com,1837274219,Poor,1
EMP1170,Bob Garcia,35,Admin,Illinois,Active,16-04-2023,116963.7188,bob.garcia.emp1170@example.com,9124186209,Average,1
EMP1171,Bob Jones,40,HR,Nevada,Inactive,12-11-2024,114109.0625,bob.jones.emp1171@example.com,4275230836,Average,1
EMP1172,Eva Williams,32,HR,California,Active,29-03-2023,85518.88281,eva.williams.emp1172@example.com,NULL,Excellent,0
EMP1173,Heidi Brown,30,Cloud Tech,California,Pending,22-01-2022,58041.96875,heidi.brown.emp1173@example.com,6335331059,Poor,1
EMP1174,David Garcia,40,Sales,Illinois,Pending,14-10-2023,94988.9375,david.garcia.emp1174@example.com,NULL,Good,0
EMP1175,Eva Miller,25,Admin,California,Pending,10-04-2024,71628.92969,eva.miller.emp1175@example.com,8155839385,Excellent,0
EMP1176,Alice Williams,30,Admin,Illinois,Pending,31-03-2022,54870.98047,alice.williams.emp1176@example.com,6133155205,Good,0
EMP1177,Alice Williams,25,DevOps,Illinois,Active,09-02-2022,79388.27344,alice.williams.emp1177@example.com,5063731494,Average,1
EMP1178,Frank Smith,35,DevOps,California,Pending,06-05-2023,55946.98828,frank.smith.emp1178@example.com,NULL,Average,0
EMP1179,Charlie Williams,32,Cloud Tech,Nevada,Active,11-07-2021,81017.90625,charlie.williams.emp1179@example.com,2419562524,Excellent,1
EMP1180,Heidi Jones,40,HR,New York,Pending,21-08-2020,74162.10156,heidi.jones.emp1180@example.com,7150997682,Excellent,0
EMP1181,Heidi Davis,32,DevOps,California,Active,27-03-2021,77668.4375,heidi.davis.emp1181@example.com,8903091435,Good,1
EMP1182,Alice Miller,30,HR,New York,Active,14-04-2024,67886.36719,alice.miller.emp1182@example.com,3910257431,Poor,0
EMP1183,Alice Williams,40,DevOps,Florida,Active,21-09-2020,76614.52344,alice.williams.emp1183@example.com,6303975244,Good,1
EMP1184,Frank Smith,25,Finance,Nevada,Active,12-06-2022,51311.91016,frank.smith.emp1184@example.com,NULL,Excellent,0
EMP1185,Frank Jones,32,Finance,Illinois,Inactive,24-12-2023,94809.92188,frank.jones.emp1185@example.com,8033968526,Good,1
EMP1186,Grace Johnson,25,HR,New York,Pending,31-07-2022,108241.8125,grace.johnson.emp1186@example.com,NULL,Excellent,1
EMP1187,Bob Davis,40,Cloud Tech,New York,Inactive,21-04-2023,78031.49219,bob.davis.emp1187@example.com,2983381673,Good,1
EMP1188,Eva Davis,35,Admin,California,Active,05-06-2020,85733.82813,eva.davis.emp1188@example.com,2336293448,Excellent,1
EMP1189,David Miller,35,HR,Nevada,Pending,27-07-2024,60338.28906,david.miller.emp1189@example.com,7347156626,Excellent,0
EMP1190,Eva Davis,30,Admin,Illinois,Active,05-04-2024,103140.6719,eva.davis.emp1190@example.com,7689627065,Excellent,0
EMP1191,Heidi Williams,40,Sales,Illinois,Inactive,26-10-2023,114690.7969,heidi.williams.emp1191@example.com,1498282466,Poor,1
EMP1192,Frank Smith,35,Admin,Florida,Active,18-08-2022,80954.5625,frank.smith.emp1192@example.com,4746897151,Good,0
EMP1193,Eva Davis,32,Cloud Tech,California,Pending,31-05-2020,71728.54688,eva.davis.emp1193@example.com,7323008575,Good,1
EMP1194,Alice Davis,35,HR,Texas,Pending,04-11-2024,118415.7969,alice.davis.emp1194@example.com,6656749159,Good,1
EMP1195,Grace Johnson,40,Sales,Illinois,Pending,25-03-2020,81481.35938,grace.johnson.emp1195@example.com,1692364586,Excellent,0
EMP1196,David Johnson,35,Sales,Florida,Pending,04-11-2020,117040.5703,david.johnson.emp1196@example.com,5066337049,Good,1
EMP1197,Frank Brown,25,Sales,Nevada,Active,21-03-2020,67342.0625,frank.brown.emp1197@example.com,2497243991,Good,1
EMP1198,Heidi Jones,32,Sales,Illinois,Active,15-01-2022,76099.64063,heidi.jones.emp1198@example.com,NULL,Excellent,0
EMP1199,Grace Williams,35,DevOps,Illinois,Active,04-06-2024,94162.0625,grace.williams.emp1199@example.com,2644886945,Average,1
EMP1200,Frank Davis,25,Sales,Nevada,Inactive,04-08-2021,67639.70313,frank.davis.emp1200@example.com,1195243639,Excellent,1
EMP1201,Charlie Garcia,35,Cloud Tech,Illinois,Pending,16-10-2020,114172.25,charlie.garcia.emp1201@example.com,2701168645,Good,1
EMP1202,Grace Davis,30,Sales,Nevada,Active,26-09-2021,89124.53906,grace.davis.emp1202@example.com,2252237280,Excellent,1
EMP1203,Frank Smith,30,DevOps,Nevada,Pending,04-11-2023,113871.3594,frank.smith.emp1203@example.com,7932302345,Average,0
EMP1204,Grace Brown,32,HR,Texas,Inactive,24-09-2021,62618.39844,grace.brown.emp1204@example.com,7912141613,Excellent,0
EMP1205,Heidi Jones,30,Admin,New York,Active,07-06-2020,70705.45313,heidi.jones.emp1205@example.com,1509377099,Good,0
EMP1206,Alice Garcia,35,Sales,New York,Pending,10-02-2022,60797.69141,alice.garcia.emp1206@example.com,4090138068,Average,1
EMP1207,Charlie Brown,40,Cloud Tech,Florida,Inactive,17-10-2023,100371,charlie.brown.emp1207@example.com,8477596554,Poor,1
EMP1208,Eva Miller,40,Admin,Illinois,Active,25-09-2021,117591.7578,eva.miller.emp1208@example.com,5356690550,Good,0
EMP1209,David Jones,35,DevOps,Illinois,Inactive,03-08-2022,103860.7031,david.jones.emp1209@example.com,NULL,Average,1
EMP1210,Grace Davis,30,Admin,Illinois,Active,22-11-2024,67500.21875,grace.davis.emp1210@example.com,5797863049,Average,1
EMP1211,Frank Davis,32,Cloud Tech,Nevada,Pending,09-10-2024,58727.44141,frank.davis.emp1211@example.com,5057397690,Poor,1
EMP1212,Charlie Jones,35,Finance,Illinois,Active,28-08-2024,80623.07813,charlie.jones.emp1212@example.com,5671649327,Excellent,1
EMP1213,David Davis,40,HR,Texas,Inactive,19-04-2020,77751.78125,david.davis.emp1213@example.com,9802714871,Excellent,0
EMP1214,Grace Williams,25,HR,New York,Active,14-10-2021,115157.8125,grace.williams.emp1214@example.com,7178333210,Good,0
EMP1215,Frank Jones,30,Admin,Texas,Inactive,26-08-2024,83071.85156,frank.jones.emp1215@example.com,6025643470,Poor,0
EMP1216,Heidi Brown,40,Sales,Texas,Active,08-02-2020,67914.67188,heidi.brown.emp1216@example.com,2871539914,Excellent,1
EMP1217,Grace Jones,25,HR,New York,Inactive,06-09-2020,53342.46094,grace.jones.emp1217@example.com,6686334140,Poor,0
EMP1218,Heidi Garcia,25,Cloud Tech,Florida,Pending,02-01-2023,51150.46875,heidi.garcia.emp1218@example.com,1159319524,Excellent,0
EMP1219,David Davis,30,HR,Florida,Active,13-06-2023,74697.11719,david.davis.emp1219@example.com,6904098365,Average,1
EMP1220,Charlie Williams,25,Sales,California,Active,13-12-2022,88085.74219,charlie.williams.emp1220@example.com,5528993159,Excellent,1
EMP1221,Alice Williams,40,Finance,Texas,Pending,03-03-2022,118672.7578,alice.williams.emp1221@example.com,8752437728,Poor,0
EMP1222,Alice Miller,35,Cloud Tech,California,Active,10-02-2024,95997.3125,alice.miller.emp1222@example.com,4209548148,Average,0
EMP1223,Frank Brown,30,Cloud Tech,California,Pending,24-11-2021,106945.6172,frank.brown.emp1223@example.com,7374605232,Average,0
EMP1224,Heidi Johnson,40,DevOps,New York,Active,09-05-2020,100123.1484,heidi.johnson.emp1224@example.com,NULL,Average,0
EMP1225,Alice Johnson,35,Admin,Texas,Active,19-12-2024,52933.42188,alice.johnson.emp1225@example.com,6756618442,Poor,1
EMP1226,Grace Jones,32,Finance,California,Active,22-03-2024,95283.03125,grace.jones.emp1226@example.com,8612590471,Good,0
EMP1227,Alice Miller,35,HR,Texas,Inactive,13-06-2022,112264.0625,alice.miller.emp1227@example.com,9277423329,Good,0
EMP1228,Grace Smith,35,Admin,Florida,Pending,15-10-2022,75714.28125,grace.smith.emp1228@example.com,5912662014,Good,1
EMP1229,Eva Jones,25,DevOps,Florida,Active,31-05-2022,92171.72656,eva.jones.emp1229@example.com,7201859625,Poor,0
EMP1230,Eva Miller,35,Cloud Tech,Texas,Inactive,15-09-2023,70694.79688,eva.miller.emp1230@example.com,3013674925,Average,1
EMP1231,Grace Brown,30,DevOps,Florida,Inactive,04-07-2022,52964.85938,grace.brown.emp1231@example.com,1764750110,Good,1
EMP1232,Frank Brown,32,Finance,California,Pending,08-06-2024,116353.3125,frank.brown.emp1232@example.com,1783099973,Poor,1
EMP1233,Grace Brown,35,Sales,Nevada,Pending,23-11-2020,116695.2578,grace.brown.emp1233@example.com,1926764920,Good,0
EMP1234,Heidi Brown,25,Admin,Texas,Active,13-05-2024,95161.39844,heidi.brown.emp1234@example.com,5182606887,Excellent,0
EMP1235,Alice Brown,32,Admin,Nevada,Inactive,29-01-2022,76040.9375,alice.brown.emp1235@example.com,7189813128,Good,1
EMP1236,Charlie Miller,32,HR,Florida,Inactive,23-08-2023,69508.28125,charlie.miller.emp1236@example.com,2087510292,Good,0
EMP1237,Alice Miller,30,Finance,Illinois,Inactive,24-02-2023,58243.26953,alice.miller.emp1237@example.com,2184011844,Average,0
EMP1238,Heidi Williams,30,Sales,California,Pending,02-10-2022,64012.48047,heidi.williams.emp1238@example.com,8260340847,Poor,1
EMP1239,Bob Garcia,40,Admin,Nevada,Inactive,28-06-2020,106735.9297,bob.garcia.emp1239@example.com,7297585987,Average,1
EMP1240,Frank Johnson,35,DevOps,Texas,Pending,15-01-2023,70325.35938,frank.johnson.emp1240@example.com,3103032431,Average,0
EMP1241,Charlie Davis,30,HR,Illinois,Active,05-09-2020,118959.2813,charlie.davis.emp1241@example.com,9839542960,Average,1
EMP1242,David Brown,40,Cloud Tech,California,Pending,18-03-2023,75823.78125,david.brown.emp1242@example.com,8446267145,Average,0
EMP1243,Charlie Smith,32,Cloud Tech,Texas,Inactive,26-03-2022,119971.6484,charlie.smith.emp1243@example.com,2831435988,Average,0
EMP1244,Grace Davis,40,Sales,Texas,Active,11-10-2021,94963.70313,grace.davis.emp1244@example.com,2625660930,Good,0
EMP1245,Frank Miller,30,Sales,Nevada,Pending,07-01-2021,103744.7109,frank.miller.emp1245@example.com,4181861514,Average,0
EMP1246,Alice Smith,25,Sales,New York,Inactive,03-12-2020,61337.69141,alice.smith.emp1246@example.com,5423401635,Average,1
EMP1247,David Smith,35,Sales,California,Active,28-05-2021,63741.12891,david.smith.emp1247@example.com,1128497184,Poor,1
EMP1248,Eva Smith,30,DevOps,California,Pending,28-12-2022,56539.98828,eva.smith.emp1248@example.com,9484910255,Excellent,1
EMP1249,Charlie Williams,30,DevOps,Illinois,Pending,24-05-2023,73633.36719,charlie.williams.emp1249@example.com,2588967923,Good,1
EMP1250,Alice Miller,25,Cloud Tech,Texas,Pending,28-04-2024,90373.99219,alice.miller.emp1250@example.com,NULL,Good,0
EMP1251,Grace Smith,32,DevOps,Texas,Inactive,25-12-2024,93901.47656,grace.smith.emp1251@example.com,3967275783,Good,0
EMP1252,Eva Brown,40,Admin,Nevada,Inactive,01-09-2021,81748.09375,eva.brown.emp1252@example.com,4683414650,Average,1
EMP1253,Charlie Jones,40,Finance,Florida,Inactive,21-02-2021,73813.47656,charlie.jones.emp1253@example.com,1131290147,Average,0
EMP1254,Frank Smith,35,Finance,New York,Inactive,20-11-2022,89315.59375,frank.smith.emp1254@example.com,7068277880,Average,0
EMP1255,Heidi Williams,25,HR,Florida,Active,15-10-2020,56776.82031,heidi.williams.emp1255@example.com,6093068537,Poor,0
EMP1256,Grace Davis,32,Finance,New York,Active,24-07-2024,72920.50781,grace.davis.emp1256@example.com,9097283214,Excellent,1
EMP1257,Frank Miller,30,Admin,Florida,Pending,14-08-2022,84913.17969,frank.miller.emp1257@example.com,2850676250,Average,1
EMP1258,Alice Garcia,25,Finance,Illinois,Inactive,08-05-2021,65060.10938,alice.garcia.emp1258@example.com,5381447442,Excellent,1
EMP1259,Alice Williams,35,Finance,Illinois,Pending,09-10-2023,82941.07813,alice.williams.emp1259@example.com,NULL,Poor,0
EMP1260,Bob Smith,40,Admin,California,Pending,19-01-2022,103469.9688,bob.smith.emp1260@example.com,NULL,Good,1
EMP1261,Grace Miller,25,Sales,Illinois,Active,12-01-2022,88725.60156,grace.miller.emp1261@example.com,5265016730,Average,1
EMP1262,Heidi Jones,32,HR,Illinois,Pending,05-06-2023,58316.76953,heidi.jones.emp1262@example.com,8826170242,Excellent,1
EMP1263,Grace Smith,35,HR,Illinois,Inactive,26-03-2024,60098.71875,grace.smith.emp1263@example.com,7654562840,Excellent,1
EMP1264,Grace Williams,32,Cloud Tech,Texas,Active,07-10-2020,99951.42969,grace.williams.emp1264@example.com,7722560530,Average,1
EMP1265,Heidi Johnson,30,Sales,Illinois,Active,02-11-2021,115195.8125,heidi.johnson.emp1265@example.com,3402665022,Good,1
EMP1266,Grace Brown,32,DevOps,California,Pending,19-11-2021,85512.04688,grace.brown.emp1266@example.com,7416787255,Good,0
EMP1267,Heidi Garcia,32,HR,Florida,Active,24-01-2022,73186.77344,heidi.garcia.emp1267@example.com,8621102257,Good,0
EMP1268,Grace Davis,32,HR,Nevada,Pending,12-07-2023,51865.30078,grace.davis.emp1268@example.com,NULL,Poor,1
EMP1269,David Williams,25,Sales,Florida,Active,09-12-2022,94031.77344,david.williams.emp1269@example.com,4716392822,Excellent,1
EMP1270,Grace Miller,30,DevOps,New York,Active,18-03-2023,116374.3594,grace.miller.emp1270@example.com,4143637188,Excellent,0
EMP1271,Alice Garcia,40,HR,Florida,Active,25-04-2022,98335.02344,alice.garcia.emp1271@example.com,2392312603,Excellent,0
EMP1272,Heidi Garcia,25,DevOps,New York,Pending,28-02-2021,89262.07031,heidi.garcia.emp1272@example.com,3260931065,Poor,1
EMP1273,Heidi Garcia,32,Finance,California,Active,30-07-2022,113848.6875,heidi.garcia.emp1273@example.com,8433567085,Excellent,1
EMP1274,Frank Smith,35,Sales,Florida,Active,19-05-2021,69530.45313,frank.smith.emp1274@example.com,NULL,Poor,1
EMP1275,Eva Brown,35,DevOps,New York,Pending,14-12-2023,84230.21875,eva.brown.emp1275@example.com,NULL,Good,1
EMP1276,Eva Smith,35,Cloud Tech,Illinois,Pending,17-01-2023,76578.59375,eva.smith.emp1276@example.com,9162475540,Average,0
EMP1277,Frank Miller,30,HR,Texas,Inactive,02-01-2024,55532.05859,frank.miller.emp1277@example.com,1082555988,Excellent,1
EMP1278,Eva Smith,40,Admin,New York,Pending,09-07-2021,115311.6797,eva.smith.emp1278@example.com,5343961128,Excellent,1
EMP1279,Charlie Johnson,25,Sales,Nevada,Pending,05-05-2021,66972.0625,charlie.johnson.emp1279@example.com,1093371188,Good,1
EMP1280,David Brown,30,Cloud Tech,Texas,Inactive,07-11-2021,100215.0625,david.brown.emp1280@example.com,5473820235,Average,1
EMP1281,Charlie Brown,25,Sales,New York,Inactive,30-08-2023,115452.25,charlie.brown.emp1281@example.com,8485571616,Poor,0
EMP1282,Heidi Miller,30,HR,California,Inactive,15-08-2023,54141.37891,heidi.miller.emp1282@example.com,6880294239,Average,0
EMP1283,David Davis,32,DevOps,Nevada,Active,24-12-2020,79251.95313,david.davis.emp1283@example.com,9036788126,Good,0
EMP1284,Alice Johnson,40,Finance,New York,Pending,21-11-2024,114822.7813,alice.johnson.emp1284@example.com,8686694319,Good,1
EMP1285,Alice Williams,35,Sales,Illinois,Active,17-11-2021,69919.32031,alice.williams.emp1285@example.com,2939087883,Average,1
EMP1286,Heidi Smith,30,Sales,Florida,Inactive,29-01-2021,106616.9688,heidi.smith.emp1286@example.com,4344812307,Poor,0
EMP1287,Heidi Jones,35,DevOps,New York,Active,17-02-2024,73597.85156,heidi.jones.emp1287@example.com,3402424032,Poor,1
EMP1288,David Smith,30,Sales,Nevada,Inactive,20-08-2024,79939.22656,david.smith.emp1288@example.com,8105955183,Excellent,1
EMP1289,Grace Garcia,25,Admin,New York,Inactive,24-10-2021,85155.56,grace.garcia.emp1289@example.com,2694500533,Poor,0
EMP1290,Grace Smith,30,Finance,California,Inactive,10-09-2021,90772.25,grace.smith.emp1290@example.com,2408916497,Average,0
EMP1291,Eva Williams,35,DevOps,New York,Active,29-09-2023,58275.73828,eva.williams.emp1291@example.com,3735439626,Good,0
EMP1292,Grace Smith,32,DevOps,California,Pending,28-08-2020,94709.78906,grace.smith.emp1292@example.com,3652717271,Excellent,0
EMP1293,Frank Johnson,32,Admin,New York,Active,06-09-2022,60722.98828,frank.johnson.emp1293@example.com,2397240421,Excellent,1
EMP1294,Frank Johnson,40,DevOps,Illinois,Inactive,31-03-2024,87626.24219,frank.johnson.emp1294@example.com,6931216375,Good,1
EMP1295,David Brown,30,DevOps,Illinois,Active,12-12-2022,81272.35938,david.brown.emp1295@example.com,1820916600,Poor,0
EMP1296,Bob Miller,32,Cloud Tech,Texas,Pending,01-11-2022,64150.96875,bob.miller.emp1296@example.com,NULL,Good,1
EMP1297,Charlie Davis,35,Sales,Florida,Active,25-10-2023,64378.10156,charlie.davis.emp1297@example.com,1851327971,Poor,0
EMP1298,Bob Jones,32,Finance,Texas,Inactive,27-09-2020,85927.35156,bob.jones.emp1298@example.com,4572308480,Good,0
EMP1299,Alice Garcia,32,Finance,Nevada,Inactive,21-01-2024,51523.92969,alice.garcia.emp1299@example.com,NULL,Average,1
EMP1300,Alice Smith,30,Sales,Texas,Active,17-05-2022,74117.02344,alice.smith.emp1300@example.com,3036625435,Poor,0
EMP1301,Alice Smith,25,Finance,Texas,Inactive,17-04-2022,62598.69141,alice.smith.emp1301@example.com,1721314518,Average,1
EMP1302,Grace Williams,35,Finance,Florida,Inactive,08-02-2022,55617.5,grace.williams.emp1302@example.com,5151092267,Excellent,1
EMP1303,Charlie Miller,35,Cloud Tech,New York,Pending,15-03-2022,87018.97656,charlie.miller.emp1303@example.com,5926249450,Good,1
EMP1304,David Johnson,25,Cloud Tech,California,Inactive,11-10-2023,100336.5781,david.johnson.emp1304@example.com,4754102251,Excellent,1
EMP1305,Grace Jones,30,Admin,Florida,Inactive,13-11-2020,69295.47656,grace.jones.emp1305@example.com,6771196420,Excellent,0
EMP1306,Bob Brown,25,DevOps,Florida,Pending,17-04-2024,115536.6563,bob.brown.emp1306@example.com,5226557675,Excellent,1
EMP1307,David Johnson,30,Cloud Tech,Texas,Pending,09-03-2020,81250.86719,david.johnson.emp1307@example.com,9523668787,Excellent,0
EMP1308,Alice Garcia,30,DevOps,Texas,Inactive,17-06-2022,66403.75,alice.garcia.emp1308@example.com,7883619688,Good,0
EMP1309,Alice Miller,30,Sales,California,Active,28-07-2024,114147.7891,alice.miller.emp1309@example.com,3135030586,Excellent,0
EMP1310,Frank Garcia,30,HR,New York,Pending,03-12-2022,65472.98828,frank.garcia.emp1310@example.com,2105524727,Good,0
EMP1311,Alice Davis,32,Sales,Nevada,Active,06-07-2023,97512.50781,alice.davis.emp1311@example.com,6333021259,Good,1
EMP1312,Alice Brown,35,DevOps,Nevada,Inactive,28-05-2024,86712.40625,alice.brown.emp1312@example.com,6501917919,Average,1
EMP1313,Grace Davis,30,HR,Florida,Active,25-03-2024,87654.97656,grace.davis.emp1313@example.com,2521310961,Poor,0
EMP1314,David Williams,35,DevOps,New York,Inactive,28-04-2020,89367.02344,david.williams.emp1314@example.com,2728476569,Poor,0
EMP1315,Charlie Garcia,40,Admin,California,Active,07-11-2021,95269.40625,charlie.garcia.emp1315@example.com,4120092819,Good,1
EMP1316,Frank Williams,25,Sales,Nevada,Active,15-04-2020,68792.3125,frank.williams.emp1316@example.com,6678498435,Average,0
EMP1317,Alice Smith,25,Admin,Illinois,Pending,07-10-2023,89119.53125,alice.smith.emp1317@example.com,2418623689,Good,1
EMP1318,Frank Davis,35,Cloud Tech,New York,Active,27-02-2024,58212.12891,frank.davis.emp1318@example.com,3628917755,Good,0
EMP1319,Heidi Miller,30,DevOps,Illinois,Pending,22-02-2021,77764.24219,heidi.miller.emp1319@example.com,6205634110,Good,1
EMP1320,Frank Garcia,35,Finance,Florida,Pending,21-08-2023,75148.17188,frank.garcia.emp1320@example.com,5950342810,Average,0
EMP1321,Heidi Jones,40,Cloud Tech,Nevada,Inactive,08-04-2024,108781.1797,heidi.jones.emp1321@example.com,3904383033,Poor,0
EMP1322,Frank Brown,35,Finance,Texas,Pending,04-11-2024,65489.19141,frank.brown.emp1322@example.com,1990970050,Average,1
EMP1323,Eva Johnson,32,Sales,Illinois,Pending,05-05-2022,70663.46094,eva.johnson.emp1323@example.com,4054683564,Excellent,0
EMP1324,David Miller,40,Sales,New York,Inactive,01-02-2023,95822.5625,david.miller.emp1324@example.com,2156818208,Average,0
EMP1325,Eva Miller,40,DevOps,Nevada,Pending,01-10-2022,82258.03125,eva.miller.emp1325@example.com,6790422710,Average,1
EMP1326,Frank Williams,30,Admin,Nevada,Pending,27-09-2022,62883.33984,frank.williams.emp1326@example.com,3322889856,Average,0
EMP1327,Alice Davis,32,Cloud Tech,Texas,Pending,09-04-2020,103503.7188,alice.davis.emp1327@example.com,2545960632,Average,1
EMP1328,David Garcia,25,DevOps,New York,Active,23-03-2021,85401.29688,david.garcia.emp1328@example.com,9912971023,Poor,1
EMP1329,Heidi Garcia,40,Cloud Tech,Texas,Pending,03-02-2023,85155.56,heidi.garcia.emp1329@example.com,8171752420,Excellent,0
EMP1330,Eva Smith,32,HR,Texas,Pending,23-07-2024,98850.14063,eva.smith.emp1330@example.com,4955112746,Poor,0
EMP1331,Charlie Smith,25,Cloud Tech,Illinois,Active,08-05-2021,63435.23828,charlie.smith.emp1331@example.com,4721970545,Poor,0
EMP1332,Frank Brown,35,Finance,Texas,Inactive,11-04-2022,82129.84375,frank.brown.emp1332@example.com,6927589550,Average,0
EMP1333,David Williams,35,DevOps,Texas,Pending,23-10-2024,95492.60938,david.williams.emp1333@example.com,6874090379,Good,0
EMP1334,Grace Miller,40,Finance,Illinois,Inactive,24-04-2020,94572.36719,grace.miller.emp1334@example.com,2146296135,Good,0
EMP1335,Bob Garcia,40,Finance,Nevada,Inactive,04-03-2023,118413.0469,bob.garcia.emp1335@example.com,7157787111,Poor,0
EMP1336,Alice Jones,30,Admin,Nevada,Pending,31-08-2022,68976.64844,alice.jones.emp1336@example.com,1663651558,Poor,1
EMP1337,Eva Williams,32,Sales,Nevada,Active,02-01-2021,115013.6484,eva.williams.emp1337@example.com,7371470826,Average,0
EMP1338,David Brown,32,Admin,Nevada,Inactive,06-06-2020,70949.38281,david.brown.emp1338@example.com,2359096055,Poor,1
EMP1339,Grace Brown,32,HR,Florida,Pending,13-10-2020,105334.8672,grace.brown.emp1339@example.com,7303064420,Average,0
EMP1340,Bob Williams,32,DevOps,California,Active,19-07-2020,80596.17969,bob.williams.emp1340@example.com,2146147682,Good,0
EMP1341,Frank Brown,32,Sales,Illinois,Inactive,03-05-2024,72846.36719,frank.brown.emp1341@example.com,4201654234,Good,1
EMP1342,Heidi Williams,40,Admin,California,Pending,07-02-2022,80229.35938,heidi.williams.emp1342@example.com,6778265959,Excellent,0
EMP1343,Grace Johnson,25,Sales,California,Active,31-12-2023,55145.46875,grace.johnson.emp1343@example.com,8931992549,Good,0
EMP1344,Grace Williams,30,DevOps,Florida,Inactive,08-01-2022,85155.56,grace.williams.emp1344@example.com,2727516479,Poor,1
EMP1345,Eva Davis,40,HR,California,Active,28-09-2020,56110.80859,eva.davis.emp1345@example.com,7279103367,Good,0
EMP1346,Grace Williams,25,Cloud Tech,Texas,Inactive,09-02-2023,56514.5,grace.williams.emp1346@example.com,2963533904,Average,0
EMP1347,Frank Brown,40,Cloud Tech,California,Inactive,05-03-2022,104541.8438,frank.brown.emp1347@example.com,5044817765,Good,0
EMP1348,David Garcia,32,Sales,New York,Pending,18-02-2022,61865.12109,david.garcia.emp1348@example.com,5586851275,Excellent,1
EMP1349,Eva Davis,40,Admin,Texas,Active,09-06-2022,69317.32813,eva.davis.emp1349@example.com,5289286645,Good,0
EMP1350,Bob Brown,35,HR,New York,Pending,04-07-2023,84706.17188,bob.brown.emp1350@example.com,4911110960,Average,0
EMP1351,Heidi Smith,25,Admin,California,Active,21-03-2022,73255.21094,heidi.smith.emp1351@example.com,7981789045,Average,0
EMP1352,Frank Smith,40,HR,Florida,Pending,02-05-2023,59528.71094,frank.smith.emp1352@example.com,3378613714,Poor,0
EMP1353,David Garcia,40,HR,New York,Inactive,15-10-2021,70401.36719,david.garcia.emp1353@example.com,7660538443,Good,1
EMP1354,Heidi Garcia,32,Admin,California,Inactive,28-07-2021,107154.6172,heidi.garcia.emp1354@example.com,4630600024,Average,1
EMP1355,Bob Davis,32,Admin,Illinois,Pending,03-01-2021,97719.88281,bob.davis.emp1355@example.com,8955296385,Excellent,0
EMP1356,Heidi Johnson,30,Finance,California,Pending,21-05-2020,107327.5938,heidi.johnson.emp1356@example.com,3960962625,Poor,0
EMP1357,Grace Garcia,40,Admin,Nevada,Inactive,10-05-2021,67687.71875,grace.garcia.emp1357@example.com,5826312818,Excellent,1
EMP1358,Grace Smith,40,Cloud Tech,Florida,Pending,08-09-2022,90757.07813,grace.smith.emp1358@example.com,6482531105,Good,1
EMP1359,Grace Williams,32,Cloud Tech,California,Pending,21-07-2024,87583.42188,grace.williams.emp1359@example.com,NULL,Good,0
EMP1360,Bob Brown,25,Admin,Nevada,Pending,28-12-2021,61643.69141,bob.brown.emp1360@example.com,2752334382,Good,1
EMP1361,Grace Smith,35,Finance,Texas,Active,20-07-2020,68111.6875,grace.smith.emp1361@example.com,6404120910,Poor,0
EMP1362,David Smith,40,HR,Florida,Inactive,30-04-2024,97568.88281,david.smith.emp1362@example.com,7911244210,Average,1
EMP1363,Charlie Johnson,35,Cloud Tech,Florida,Active,28-08-2021,79118.28125,charlie.johnson.emp1363@example.com,7536170616,Poor,1
EMP1364,Bob Davis,30,HR,California,Inactive,21-07-2022,104898.8984,bob.davis.emp1364@example.com,1366572239,Excellent,1
EMP1365,Frank Davis,40,Cloud Tech,Florida,Pending,27-11-2023,81671.29688,frank.davis.emp1365@example.com,2990155798,Poor,1
EMP1366,Alice Miller,25,Cloud Tech,California,Pending,11-08-2020,97399.75,alice.miller.emp1366@example.com,8028413907,Excellent,0
EMP1367,David Johnson,32,Admin,Illinois,Active,08-11-2021,89189.42969,david.johnson.emp1367@example.com,NULL,Poor,1
EMP1368,David Williams,40,DevOps,New York,Active,04-08-2023,96011.54688,david.williams.emp1368@example.com,2312447314,Average,1
EMP1369,David Davis,40,Sales,Florida,Inactive,10-01-2020,99331.49219,david.davis.emp1369@example.com,8477686341,Excellent,0
EMP1370,Bob Brown,32,Cloud Tech,Illinois,Active,19-01-2022,72818.9375,bob.brown.emp1370@example.com,3461994236,Good,1
EMP1371,Eva Garcia,40,Sales,Nevada,Inactive,07-05-2023,77204.75,eva.garcia.emp1371@example.com,6769459195,Good,1
EMP1372,Bob Johnson,35,HR,Florida,Pending,19-12-2020,106961.6797,bob.johnson.emp1372@example.com,6395517207,Poor,0
EMP1373,Eva Garcia,32,Sales,Texas,Pending,01-10-2020,71923,eva.garcia.emp1373@example.com,4964985600,Good,1
EMP1374,Bob Smith,30,HR,Nevada,Active,12-11-2022,77192.42969,bob.smith.emp1374@example.com,2562531354,Excellent,0
EMP1375,Grace Brown,40,Admin,Florida,Pending,05-01-2023,98540.29688,grace.brown.emp1375@example.com,2510505378,Good,0
EMP1376,Charlie Brown,32,Admin,Florida,Inactive,14-10-2020,63096.89844,charlie.brown.emp1376@example.com,5381649382,Average,0
EMP1377,Alice Smith,35,Cloud Tech,Florida,Active,03-02-2021,107065.1172,alice.smith.emp1377@example.com,1849196654,Average,0
EMP1378,Heidi Johnson,40,DevOps,Florida,Inactive,25-12-2023,108792.4297,heidi.johnson.emp1378@example.com,3307704610,Poor,1
EMP1379,Bob Smith,32,Cloud Tech,New York,Inactive,07-03-2020,69239.70313,bob.smith.emp1379@example.com,7295963903,Excellent,0
EMP1380,Charlie Garcia,40,Sales,Nevada,Inactive,30-01-2023,85756.42188,charlie.garcia.emp1380@example.com,NULL,Average,1
EMP1381,Eva Miller,32,HR,Illinois,Active,05-04-2024,100328.6172,eva.miller.emp1381@example.com,NULL,Average,1
EMP1382,Grace Brown,25,DevOps,Nevada,Active,01-09-2021,111236.6875,grace.brown.emp1382@example.com,5618579063,Excellent,1
EMP1383,Eva Jones,35,Cloud Tech,Florida,Active,07-05-2024,106832.2188,eva.jones.emp1383@example.com,7715910299,Good,1
EMP1384,Frank Jones,32,DevOps,Florida,Active,15-06-2023,59746.44922,frank.jones.emp1384@example.com,2156321357,Good,1
EMP1385,David Garcia,25,Sales,California,Pending,29-07-2021,91780.03906,david.garcia.emp1385@example.com,NULL,Poor,1
EMP1386,Eva Williams,35,Sales,California,Pending,23-10-2023,107062.6563,eva.williams.emp1386@example.com,9642297124,Good,1
EMP1387,Grace Davis,25,HR,Nevada,Active,07-12-2023,110625.5234,grace.davis.emp1387@example.com,2967188396,Excellent,1
EMP1388,Frank Smith,30,DevOps,Florida,Inactive,18-10-2020,90419.78906,frank.smith.emp1388@example.com,7457314414,Average,1
EMP1389,Grace Smith,40,Finance,Texas,Pending,15-06-2024,111608.7578,grace.smith.emp1389@example.com,8331170302,Good,1
EMP1390,Eva Williams,35,Finance,Florida,Inactive,06-04-2023,50173.12109,eva.williams.emp1390@example.com,7637153987,Poor,0
EMP1391,Bob Williams,40,DevOps,Nevada,Pending,03-01-2022,109507.4375,bob.williams.emp1391@example.com,5472812355,Good,0
EMP1392,Grace Garcia,30,Finance,New York,Inactive,03-07-2021,72600.5625,grace.garcia.emp1392@example.com,7983631461,Excellent,0
EMP1393,Charlie Garcia,32,Finance,California,Pending,10-04-2024,53388.64844,charlie.garcia.emp1393@example.com,4912711306,Poor,1
EMP1394,Heidi Williams,25,Cloud Tech,New York,Inactive,23-07-2022,50047.32031,heidi.williams.emp1394@example.com,2407875417,Good,0
EMP1395,David Brown,30,DevOps,California,Active,25-11-2024,115290.7891,david.brown.emp1395@example.com,1563268684,Poor,0
EMP1396,Frank Garcia,35,Cloud Tech,California,Pending,21-08-2023,61586.76172,frank.garcia.emp1396@example.com,NULL,Excellent,0
EMP1397,Eva Miller,30,Finance,Nevada,Active,12-12-2023,56662.85938,eva.miller.emp1397@example.com,3629489785,Average,1
EMP1398,Bob Garcia,30,Sales,New York,Pending,24-10-2023,85155.56,bob.garcia.emp1398@example.com,1031310093,Excellent,1
EMP1399,Frank Smith,25,Finance,Nevada,Active,05-09-2022,54957.98047,frank.smith.emp1399@example.com,3181439665,Excellent,1
EMP1400,Bob Garcia,25,HR,California,Inactive,07-10-2020,76790.46875,bob.garcia.emp1400@example.com,1347323548,Excellent,1
EMP1401,Charlie Brown,30,Cloud Tech,Illinois,Pending,18-01-2020,92722.35156,charlie.brown.emp1401@example.com,4012897431,Excellent,0
EMP1402,Frank Williams,30,DevOps,Nevada,Active,23-04-2022,93125.32031,frank.williams.emp1402@example.com,5122572075,Average,0
EMP1403,David Smith,25,Cloud Tech,New York,Active,22-04-2023,101100.6406,david.smith.emp1403@example.com,5024120956,Average,0
EMP1404,Grace Garcia,35,Admin,New York,Inactive,13-08-2023,55897.41016,grace.garcia.emp1404@example.com,9073710093,Poor,0
EMP1405,Eva Brown,25,DevOps,California,Active,26-11-2022,92484.88281,eva.brown.emp1405@example.com,3882211456,Good,1
EMP1406,Grace Miller,35,DevOps,Texas,Active,10-10-2022,77011.99219,grace.miller.emp1406@example.com,7584745704,Average,1
EMP1407,Bob Garcia,32,Cloud Tech,California,Inactive,27-09-2020,77078.67969,bob.garcia.emp1407@example.com,4589714801,Average,1
EMP1408,Grace Brown,35,Sales,Nevada,Active,11-04-2024,82971.02344,grace.brown.emp1408@example.com,6325703964,Good,0
EMP1409,Bob Miller,25,Sales,Texas,Active,20-06-2021,65102.01172,bob.miller.emp1409@example.com,3136148781,Average,1
EMP1410,Grace Williams,32,HR,Nevada,Pending,23-10-2022,103697.7031,grace.williams.emp1410@example.com,4556964429,Excellent,1
EMP1411,Grace Garcia,25,DevOps,Illinois,Pending,15-06-2023,60687.62891,grace.garcia.emp1411@example.com,9859167953,Excellent,0
EMP1412,Bob Miller,32,Admin,New York,Pending,31-10-2021,77351.21094,bob.miller.emp1412@example.com,1072728497,Good,0
EMP1413,Bob Smith,35,DevOps,Florida,Pending,29-09-2024,66704.61719,bob.smith.emp1413@example.com,2474140702,Poor,1
EMP1414,Grace Williams,25,Finance,Illinois,Pending,22-04-2020,71650.29688,grace.williams.emp1414@example.com,4910740649,Poor,1
EMP1415,Charlie Smith,25,Cloud Tech,Nevada,Active,07-12-2023,50794.53906,charlie.smith.emp1415@example.com,NULL,Good,1
EMP1416,Frank Jones,32,Sales,Nevada,Inactive,07-12-2020,76030.85938,frank.jones.emp1416@example.com,2369143074,Good,1
EMP1417,Eva Johnson,25,Cloud Tech,California,Inactive,11-07-2021,86669.78906,eva.johnson.emp1417@example.com,3666144941,Excellent,1
EMP1418,Bob Garcia,40,Finance,Illinois,Inactive,23-04-2020,84972.70313,bob.garcia.emp1418@example.com,9659234267,Poor,1
EMP1419,Frank Miller,30,HR,Texas,Pending,12-10-2023,100594.4922,frank.miller.emp1419@example.com,3441497825,Average,0
EMP1420,Alice Johnson,25,Cloud Tech,New York,Active,24-08-2022,75478.35156,alice.johnson.emp1420@example.com,6128758574,Excellent,0
EMP1421,Charlie Johnson,25,Sales,Nevada,Pending,04-09-2023,79355.85156,charlie.johnson.emp1421@example.com,6766708060,Good,0
EMP1422,Grace Miller,35,HR,Texas,Pending,02-02-2022,58358.07031,grace.miller.emp1422@example.com,2943985297,Poor,1
EMP1423,Alice Williams,30,Admin,Illinois,Active,01-04-2022,54824.85156,alice.williams.emp1423@example.com,9406260786,Average,0
EMP1424,Eva Garcia,35,HR,Texas,Pending,24-07-2022,50557.83984,eva.garcia.emp1424@example.com,NULL,Average,1
EMP1425,Eva Jones,32,Admin,Florida,Inactive,26-04-2023,118030.0391,eva.jones.emp1425@example.com,7501980381,Excellent,1
EMP1426,David Smith,32,Admin,New York,Active,19-04-2022,51673.71875,david.smith.emp1426@example.com,8723244078,Poor,0
EMP1427,Alice Brown,35,Cloud Tech,Nevada,Inactive,04-10-2024,101665.7891,alice.brown.emp1427@example.com,3110291812,Poor,1
EMP1428,David Smith,32,Admin,Florida,Inactive,02-05-2020,118079.1484,david.smith.emp1428@example.com,3170876013,Good,1
EMP1429,Eva Brown,25,Cloud Tech,New York,Pending,25-04-2022,99059.28125,eva.brown.emp1429@example.com,6723849790,Poor,0
EMP1430,Bob Smith,32,Cloud Tech,Illinois,Active,29-07-2023,107397.3984,bob.smith.emp1430@example.com,6202232882,Poor,0
EMP1431,Alice Miller,40,DevOps,New York,Active,20-08-2021,68269.36719,alice.miller.emp1431@example.com,7744197545,Excellent,0
EMP1432,Grace Jones,35,HR,Florida,Inactive,23-04-2021,55228.12109,grace.jones.emp1432@example.com,6176620470,Poor,1
EMP1433,Bob Garcia,30,Cloud Tech,New York,Inactive,12-08-2022,71982.32813,bob.garcia.emp1433@example.com,9609409704,Average,0
EMP1434,Frank Brown,30,Finance,California,Inactive,26-06-2021,109673.75,frank.brown.emp1434@example.com,2774025882,Excellent,0
EMP1435,Eva Garcia,32,Cloud Tech,New York,Inactive,30-10-2020,56384.89844,eva.garcia.emp1435@example.com,5868122594,Excellent,1
EMP1436,Frank Garcia,40,Sales,Texas,Pending,04-09-2021,68211.67969,frank.garcia.emp1436@example.com,7244617678,Good,0
EMP1437,Alice Garcia,40,Finance,Illinois,Pending,31-01-2023,67489.67969,alice.garcia.emp1437@example.com,2988425994,Poor,0
EMP1438,Charlie Davis,25,Cloud Tech,Texas,Active,24-09-2020,63869.30859,charlie.davis.emp1438@example.com,9961002310,Good,0
EMP1439,Bob Williams,32,Sales,California,Active,14-02-2020,119801.2969,bob.williams.emp1439@example.com,7753312660,Average,1
EMP1440,Heidi Smith,30,Cloud Tech,California,Active,28-03-2020,115959.6484,heidi.smith.emp1440@example.com,NULL,Excellent,1
EMP1441,Grace Garcia,40,Finance,Texas,Inactive,31-10-2023,79866.47656,grace.garcia.emp1441@example.com,2517629832,Excellent,1
EMP1442,Charlie Smith,35,HR,Florida,Active,11-03-2020,92987.46094,charlie.smith.emp1442@example.com,4774332682,Excellent,1
EMP1443,Eva Garcia,40,Finance,Illinois,Inactive,04-05-2020,56140.51172,eva.garcia.emp1443@example.com,1901302055,Average,0
EMP1444,Grace Brown,30,DevOps,Illinois,Active,15-07-2023,119586.1094,grace.brown.emp1444@example.com,9815287338,Average,1
EMP1445,Alice Williams,40,DevOps,California,Inactive,20-01-2023,104700.4609,alice.williams.emp1445@example.com,7855982175,Good,1
EMP1446,Frank Williams,40,HR,New York,Active,15-10-2021,91798.14063,frank.williams.emp1446@example.com,6191284116,Good,0
EMP1447,Eva Miller,25,Finance,Illinois,Inactive,19-04-2024,90879.21875,eva.miller.emp1447@example.com,3098503445,Good,0
EMP1448,Charlie Davis,25,Admin,Nevada,Active,29-06-2021,87358.27344,charlie.davis.emp1448@example.com,5124189388,Poor,0
EMP1449,Alice Miller,30,Sales,Florida,Inactive,14-09-2024,119407.9297,alice.miller.emp1449@example.com,8469081973,Excellent,1
EMP1450,David Miller,32,HR,Nevada,Pending,04-01-2022,113978.6016,david.miller.emp1450@example.com,NULL,Excellent,1
EMP1451,Frank Miller,32,Sales,New York,Pending,20-01-2021,108568.7813,frank.miller.emp1451@example.com,8503719904,Good,1
EMP1452,Heidi Miller,32,HR,New York,Inactive,18-03-2020,56318.01953,heidi.miller.emp1452@example.com,1699187239,Excellent,0
EMP1453,David Miller,25,Sales,Florida,Active,10-11-2021,114252.7266,david.miller.emp1453@example.com,1078356742,Good,0
EMP1454,Charlie Jones,35,DevOps,New York,Inactive,01-05-2020,51533.89844,charlie.jones.emp1454@example.com,NULL,Poor,1
EMP1455,Charlie Williams,25,Sales,California,Active,04-02-2022,99317.65625,charlie.williams.emp1455@example.com,NULL,Poor,0
EMP1456,Bob Miller,35,HR,California,Active,18-11-2020,101264.6406,bob.miller.emp1456@example.com,1955356032,Average,0
EMP1457,Heidi Garcia,35,Admin,Nevada,Pending,21-11-2023,112272.0234,heidi.garcia.emp1457@example.com,1903689002,Poor,0
EMP1458,Frank Williams,30,DevOps,Illinois,Active,13-02-2022,71477.63281,frank.williams.emp1458@example.com,NULL,Good,1
EMP1459,Charlie Williams,30,DevOps,Texas,Pending,19-03-2023,77412.10156,charlie.williams.emp1459@example.com,9342967110,Poor,0
EMP1460,Alice Johnson,30,Sales,California,Pending,28-03-2021,94775.27344,alice.johnson.emp1460@example.com,4837537457,Average,0
EMP1461,Heidi Jones,30,HR,Nevada,Active,02-05-2021,74276.71094,heidi.jones.emp1461@example.com,4384588104,Excellent,1
EMP1462,Bob Miller,35,Finance,Texas,Inactive,05-03-2021,67467.85938,bob.miller.emp1462@example.com,6974132833,Good,1
EMP1463,Eva Smith,25,DevOps,Texas,Active,01-03-2022,80675.40625,eva.smith.emp1463@example.com,8315203770,Excellent,0
EMP1464,Charlie Brown,40,Finance,Florida,Inactive,23-01-2023,76274.32813,charlie.brown.emp1464@example.com,NULL,Average,0
EMP1465,David Davis,30,Finance,Texas,Active,26-08-2021,51405.46094,david.davis.emp1465@example.com,4967066702,Average,1
EMP1466,Bob Garcia,25,HR,New York,Inactive,25-11-2020,101238.9609,bob.garcia.emp1466@example.com,3626804084,Average,1
EMP1467,Bob Smith,35,Sales,Illinois,Inactive,13-12-2023,52169.51953,bob.smith.emp1467@example.com,NULL,Excellent,0
EMP1468,Charlie Jones,32,Finance,New York,Active,26-07-2020,73176.61719,charlie.jones.emp1468@example.com,6018648768,Excellent,0
EMP1469,Grace Brown,32,DevOps,Nevada,Pending,27-06-2021,96241.85156,grace.brown.emp1469@example.com,9842673203,Excellent,0
EMP1470,Bob Jones,25,Finance,Illinois,Pending,16-09-2024,84366.38281,bob.jones.emp1470@example.com,4138459608,Excellent,0
EMP1471,Alice Garcia,40,Cloud Tech,California,Pending,04-07-2023,92015.09375,alice.garcia.emp1471@example.com,4544901494,Average,1
EMP1472,Alice Williams,30,Admin,Nevada,Inactive,16-06-2020,83149.95313,alice.williams.emp1472@example.com,4277070704,Average,0
EMP1473,Grace Brown,40,Finance,Nevada,Inactive,05-07-2020,94930.64844,grace.brown.emp1473@example.com,7836091497,Good,0
EMP1474,Frank Williams,40,HR,New York,Inactive,01-04-2020,68430.71875,frank.williams.emp1474@example.com,5172444722,Good,1
EMP1475,David Garcia,35,Sales,Texas,Active,20-03-2024,98752.96875,david.garcia.emp1475@example.com,2290310286,Excellent,0
EMP1476,Frank Smith,32,Finance,Illinois,Active,07-02-2023,54268.85938,frank.smith.emp1476@example.com,9508304404,Poor,1
EMP1477,Grace Garcia,32,DevOps,Florida,Pending,10-12-2024,66494.9375,grace.garcia.emp1477@example.com,8093511870,Poor,0
EMP1478,Grace Smith,25,Sales,Illinois,Pending,27-06-2024,90003.97656,grace.smith.emp1478@example.com,8133595615,Average,0
EMP1479,Charlie Brown,25,Finance,New York,Active,09-03-2021,106592.25,charlie.brown.emp1479@example.com,4205955656,Average,1
EMP1480,Grace Brown,25,DevOps,Florida,Active,11-08-2024,93905.82813,grace.brown.emp1480@example.com,4902504289,Average,1
EMP1481,Eva Miller,35,DevOps,Texas,Active,05-03-2022,88945.49219,eva.miller.emp1481@example.com,1935889535,Good,0
EMP1482,Eva Jones,32,Finance,Texas,Pending,30-06-2023,91130.32813,eva.jones.emp1482@example.com,9026113988,Good,0
EMP1483,Bob Miller,40,Admin,New York,Pending,19-04-2023,90787.39844,bob.miller.emp1483@example.com,8681809787,Average,0
EMP1484,Bob Jones,25,Sales,Texas,Inactive,11-11-2024,87494.34375,bob.jones.emp1484@example.com,7543943534,Average,1
EMP1485,Grace Miller,35,Finance,Nevada,Inactive,17-03-2023,92627.35156,grace.miller.emp1485@example.com,3751376514,Average,0
EMP1486,Eva Williams,40,Admin,Illinois,Pending,26-10-2023,98556.28906,eva.williams.emp1486@example.com,8815793762,Poor,1
EMP1487,Frank Brown,30,Cloud Tech,Nevada,Inactive,04-07-2021,112792.2031,frank.brown.emp1487@example.com,9283692943,Good,1
EMP1488,Eva Smith,35,HR,Florida,Pending,03-11-2023,56875.21875,eva.smith.emp1488@example.com,5511668296,Poor,0
EMP1489,Charlie Jones,35,DevOps,Florida,Inactive,05-07-2021,101015.9609,charlie.jones.emp1489@example.com,3270216486,Poor,1
EMP1490,Bob Garcia,30,Finance,New York,Inactive,26-02-2024,83912.21875,bob.garcia.emp1490@example.com,1206021287,Average,0
EMP1491,Frank Jones,25,Sales,New York,Active,29-09-2021,99669.85938,frank.jones.emp1491@example.com,6652683414,Average,0
EMP1492,Alice Smith,30,Admin,New York,Active,25-05-2021,52314.96875,alice.smith.emp1492@example.com,5999101575,Excellent,0
EMP1493,Frank Miller,30,HR,California,Inactive,31-10-2022,77785.96094,frank.miller.emp1493@example.com,7647229811,Excellent,0
EMP1494,Alice Jones,30,HR,Florida,Pending,02-07-2022,62430.85938,alice.jones.emp1494@example.com,NULL,Poor,0
EMP1495,Frank Davis,35,Admin,California,Pending,28-08-2024,98219.53906,frank.davis.emp1495@example.com,9413475097,Good,1
EMP1496,Grace Williams,25,Admin,Illinois,Active,21-10-2024,65494.57813,grace.williams.emp1496@example.com,8986456521,Average,1
EMP1497,David Brown,35,DevOps,Florida,Pending,11-02-2020,110524.1016,david.brown.emp1497@example.com,NULL,Average,0
EMP1498,Alice Smith,40,Admin,Nevada,Active,16-05-2023,106060.5391,alice.smith.emp1498@example.com,4214477323,Poor,0
EMP1499,Eva Brown,35,Finance,Florida,Inactive,29-07-2022,67639.90625,eva.brown.emp1499@example.com,4913421387,Excellent,1
EMP1500,Grace Davis,32,Cloud Tech,Texas,Pending,18-09-2023,117653.9766,grace.davis.emp1500@example.com,2090883069,Good,1
EMP1501,Eva Jones,35,DevOps,Texas,Inactive,10-05-2020,73539.85938,eva.jones.emp1501@example.com,5349678273,Excellent,1
EMP1502,Frank Jones,35,HR,Nevada,Pending,27-08-2023,70915.38281,frank.jones.emp1502@example.com,1176741240,Excellent,1
EMP1503,David Garcia,25,Sales,Florida,Pending,16-10-2021,97652.89844,david.garcia.emp1503@example.com,5131528546,Excellent,0
EMP1504,Heidi Davis,35,HR,Florida,Inactive,06-03-2022,101571.25,heidi.davis.emp1504@example.com,8150618537,Excellent,0
EMP1505,David Smith,35,DevOps,Nevada,Active,06-11-2023,87424.46094,david.smith.emp1505@example.com,NULL,Average,1
EMP1506,Frank Garcia,32,HR,New York,Pending,30-11-2024,89077.35938,frank.garcia.emp1506@example.com,2727423182,Average,0
EMP1507,Heidi Williams,30,DevOps,California,Pending,13-07-2024,89132.21875,heidi.williams.emp1507@example.com,NULL,Excellent,1
EMP1508,Frank Garcia,25,Admin,California,Active,04-03-2024,111000.2578,frank.garcia.emp1508@example.com,4969357823,Good,0
EMP1509,Frank Johnson,35,HR,Illinois,Inactive,07-08-2022,109584.9688,frank.johnson.emp1509@example.com,3477695873,Poor,1
EMP1510,Bob Smith,40,Admin,Illinois,Active,11-11-2024,97648.84375,bob.smith.emp1510@example.com,1314675360,Good,0
EMP1511,Grace Johnson,25,Admin,New York,Active,02-12-2021,78643.42969,grace.johnson.emp1511@example.com,2751562778,Good,1
EMP1512,Heidi Davis,30,HR,Nevada,Active,14-05-2024,55656.80078,heidi.davis.emp1512@example.com,6304483607,Good,1
EMP1513,Charlie Miller,35,DevOps,Texas,Active,14-07-2022,69146.95313,charlie.miller.emp1513@example.com,5456676639,Excellent,0
EMP1514,Charlie Johnson,32,Admin,Florida,Active,22-09-2020,93013.57813,charlie.johnson.emp1514@example.com,4735047638,Average,1
EMP1515,Grace Williams,40,Finance,Florida,Active,18-03-2020,87364.78125,grace.williams.emp1515@example.com,2831995297,Good,0
EMP1516,Alice Garcia,35,Sales,New York,Active,17-10-2023,50288.67188,alice.garcia.emp1516@example.com,NULL,Excellent,0
EMP1517,David Miller,35,HR,New York,Active,24-02-2022,85233.54688,david.miller.emp1517@example.com,3583286341,Good,1
EMP1518,Bob Garcia,25,HR,California,Inactive,30-01-2024,86420.1875,bob.garcia.emp1518@example.com,5563830007,Good,0
EMP1519,Grace Johnson,30,HR,Florida,Inactive,16-03-2024,63189.82031,grace.johnson.emp1519@example.com,1867024402,Excellent,0
EMP1520,Grace Garcia,25,Admin,New York,Pending,25-09-2020,64783.32031,grace.garcia.emp1520@example.com,3041662410,Average,0
EMP1521,Charlie Davis,25,HR,Nevada,Pending,10-06-2024,52615.44141,charlie.davis.emp1521@example.com,1860089218,Average,0
EMP1522,Eva Miller,32,Sales,Texas,Pending,08-04-2020,96337.89063,eva.miller.emp1522@example.com,6394568043,Poor,0
EMP1523,Alice Davis,25,DevOps,Texas,Inactive,28-06-2022,76617.75781,alice.davis.emp1523@example.com,7314976460,Excellent,1
EMP1524,Heidi Johnson,30,Admin,Nevada,Pending,14-07-2023,50651.32031,heidi.johnson.emp1524@example.com,3684748835,Poor,0
EMP1525,Bob Davis,32,HR,Illinois,Pending,06-12-2023,59601.44922,bob.davis.emp1525@example.com,NULL,Poor,0
EMP1526,Bob Williams,32,DevOps,Illinois,Active,01-08-2021,57980.87891,bob.williams.emp1526@example.com,6375791451,Poor,0
EMP1527,David Johnson,32,Admin,California,Pending,17-02-2021,75054.53125,david.johnson.emp1527@example.com,1182379311,Average,0
EMP1528,Charlie Johnson,25,Sales,Florida,Active,10-11-2023,115318.7031,charlie.johnson.emp1528@example.com,6978930745,Excellent,0
EMP1529,Alice Johnson,25,DevOps,Texas,Active,06-09-2024,90190.6875,alice.johnson.emp1529@example.com,4520599603,Poor,1
EMP1530,Bob Smith,32,Cloud Tech,Nevada,Pending,26-07-2020,113334.5625,bob.smith.emp1530@example.com,3878753576,Excellent,0
EMP1531,Heidi Garcia,35,HR,Florida,Active,23-07-2020,106922.4922,heidi.garcia.emp1531@example.com,8811616201,Excellent,1
EMP1532,Eva Smith,35,DevOps,California,Inactive,21-02-2024,58113.07031,eva.smith.emp1532@example.com,8123710671,Average,1
EMP1533,Alice Smith,25,Admin,Nevada,Pending,15-12-2020,73006.25781,alice.smith.emp1533@example.com,8728660415,Poor,1
EMP1534,Eva Williams,25,HR,California,Active,21-08-2020,78054.42969,eva.williams.emp1534@example.com,4485959223,Poor,1
EMP1535,Eva Miller,40,DevOps,Florida,Inactive,21-08-2023,112028.6719,eva.miller.emp1535@example.com,8395894772,Excellent,0
EMP1536,Charlie Garcia,25,Admin,Texas,Inactive,24-04-2023,83787.24219,charlie.garcia.emp1536@example.com,5228705621,Good,1
EMP1537,Heidi Davis,30,Sales,Florida,Inactive,06-06-2023,52017.14063,heidi.davis.emp1537@example.com,7104331874,Average,1
EMP1538,Charlie Jones,40,Finance,Texas,Inactive,21-06-2022,53218.05859,charlie.jones.emp1538@example.com,1097921582,Average,0
EMP1539,Frank Johnson,25,DevOps,Nevada,Pending,20-04-2024,102053.6719,frank.johnson.emp1539@example.com,5034469458,Average,0
EMP1540,David Davis,35,Sales,Illinois,Pending,05-12-2023,93276.72656,david.davis.emp1540@example.com,6488319212,Average,0
EMP1541,David Johnson,40,HR,Nevada,Pending,06-08-2023,76941.35938,david.johnson.emp1541@example.com,4249128964,Poor,1
EMP1542,Alice Williams,25,DevOps,New York,Pending,04-10-2024,82850.22656,alice.williams.emp1542@example.com,9994973202,Poor,0
EMP1543,Charlie Johnson,25,Finance,California,Active,08-11-2021,117910.1484,charlie.johnson.emp1543@example.com,3192227050,Good,0
EMP1544,David Smith,32,DevOps,Florida,Inactive,31-07-2024,66450,david.smith.emp1544@example.com,NULL,Average,1
EMP1545,Heidi Garcia,25,Finance,Florida,Inactive,31-08-2020,118646.9531,heidi.garcia.emp1545@example.com,3866675484,Average,0
EMP1546,Alice Jones,25,Finance,Florida,Active,15-02-2023,88436.92188,alice.jones.emp1546@example.com,8193242686,Excellent,0
EMP1547,Eva Brown,32,Sales,New York,Pending,07-10-2023,81934.54688,eva.brown.emp1547@example.com,7418652056,Poor,0
EMP1548,Alice Johnson,30,Finance,California,Pending,20-04-2024,93383.0625,alice.johnson.emp1548@example.com,5639836519,Average,0
EMP1549,Frank Davis,40,Cloud Tech,Texas,Pending,30-03-2021,50153.78906,frank.davis.emp1549@example.com,3758309450,Good,1
EMP1550,Eva Smith,32,Sales,California,Pending,05-08-2020,53204.46875,eva.smith.emp1550@example.com,5480940475,Good,0
EMP1551,Charlie Brown,40,Cloud Tech,California,Pending,05-02-2021,63128.03906,charlie.brown.emp1551@example.com,NULL,Poor,0
EMP1552,Grace Jones,30,Finance,New York,Pending,23-11-2021,57543.60156,grace.jones.emp1552@example.com,2781050921,Good,1
EMP1553,Bob Brown,40,Finance,Nevada,Pending,29-10-2022,59424.51953,bob.brown.emp1553@example.com,2161070517,Good,0
EMP1554,Alice Smith,32,Finance,Illinois,Inactive,07-11-2022,104675.7031,alice.smith.emp1554@example.com,4390552957,Poor,1
EMP1555,Charlie Garcia,30,Cloud Tech,Florida,Pending,14-05-2023,92431.25,charlie.garcia.emp1555@example.com,NULL,Average,0
EMP1556,Grace Garcia,40,Sales,Nevada,Active,14-07-2021,77850.89844,grace.garcia.emp1556@example.com,2704938619,Average,1
EMP1557,Eva Miller,40,Admin,New York,Inactive,18-05-2023,99001,eva.miller.emp1557@example.com,4485157918,Good,1
EMP1558,Eva Garcia,32,HR,Nevada,Pending,07-02-2023,94280.82813,eva.garcia.emp1558@example.com,7111212589,Good,1
EMP1559,Eva Miller,35,DevOps,New York,Pending,24-08-2023,118262.5625,eva.miller.emp1559@example.com,2035713431,Average,1
EMP1560,Frank Brown,25,HR,Illinois,Inactive,08-04-2023,89944.67188,frank.brown.emp1560@example.com,4064242955,Poor,0
EMP1561,Grace Williams,32,HR,Florida,Active,06-12-2022,57452.92969,grace.williams.emp1561@example.com,3343244740,Good,1
EMP1562,Alice Davis,25,Admin,California,Active,09-08-2021,97837.32031,alice.davis.emp1562@example.com,7595587208,Excellent,0
EMP1563,Alice Davis,35,Admin,Illinois,Active,04-01-2022,106981.8438,alice.davis.emp1563@example.com,6289365434,Poor,1
EMP1564,David Brown,32,Finance,New York,Pending,25-05-2024,105778.3594,david.brown.emp1564@example.com,8841834373,Good,1
EMP1565,Alice Johnson,40,Finance,Florida,Pending,02-10-2021,117608.3203,alice.johnson.emp1565@example.com,NULL,Good,1
EMP1566,Eva Johnson,30,Sales,Florida,Active,21-07-2023,99324.03125,eva.johnson.emp1566@example.com,9690515025,Excellent,0
EMP1567,David Garcia,30,HR,Florida,Active,30-10-2023,55212.82813,david.garcia.emp1567@example.com,7551254277,Excellent,1
EMP1568,Bob Davis,40,Cloud Tech,Florida,Inactive,13-02-2023,68496.77344,bob.davis.emp1568@example.com,2079799666,Average,0
EMP1569,Eva Davis,25,HR,Florida,Pending,13-11-2020,52795.83984,eva.davis.emp1569@example.com,3459576402,Poor,0
EMP1570,Alice Miller,32,DevOps,California,Inactive,05-06-2024,90087.39063,alice.miller.emp1570@example.com,8166496901,Poor,0
EMP1571,Frank Williams,32,Admin,New York,Pending,19-05-2020,105038.0781,frank.williams.emp1571@example.com,8249839224,Average,0
EMP1572,Grace Smith,25,HR,New York,Active,20-09-2023,73231.85156,grace.smith.emp1572@example.com,NULL,Poor,0
EMP1573,David Johnson,32,Sales,Florida,Pending,13-08-2024,102649.3594,david.johnson.emp1573@example.com,2324412335,Poor,0
EMP1574,Bob Davis,35,Finance,New York,Pending,10-06-2023,114302.5078,bob.davis.emp1574@example.com,1328507250,Poor,0
EMP1575,Alice Miller,35,Finance,Texas,Inactive,09-06-2021,87816.60938,alice.miller.emp1575@example.com,7863767315,Poor,0
EMP1576,Frank Jones,32,Sales,Florida,Inactive,30-03-2020,70750.38281,frank.jones.emp1576@example.com,2526546967,Poor,0
EMP1577,Frank Miller,32,Cloud Tech,Texas,Active,02-05-2024,85155.56,frank.miller.emp1577@example.com,1579039234,Excellent,1
EMP1578,Bob Johnson,30,DevOps,Nevada,Active,06-11-2024,97978.35938,bob.johnson.emp1578@example.com,5580996131,Poor,1
EMP1579,David Johnson,32,DevOps,Nevada,Inactive,17-08-2023,107172.7969,david.johnson.emp1579@example.com,7303461561,Excellent,1
EMP1580,Charlie Miller,25,Finance,Nevada,Inactive,18-03-2020,56126.46094,charlie.miller.emp1580@example.com,6244670461,Poor,1
EMP1581,Eva Smith,32,Cloud Tech,Illinois,Active,13-06-2021,78534.28906,eva.smith.emp1581@example.com,2681715159,Average,1
EMP1582,Grace Brown,40,HR,Texas,Inactive,10-10-2023,85155.56,grace.brown.emp1582@example.com,2529867075,Good,0
EMP1583,Bob Johnson,32,Cloud Tech,Nevada,Active,02-01-2022,114963.3438,bob.johnson.emp1583@example.com,6046419784,Excellent,0
EMP1584,Eva Miller,32,Cloud Tech,California,Inactive,20-02-2022,77657.92969,eva.miller.emp1584@example.com,7585126860,Poor,0
EMP1585,Heidi Davis,30,Sales,New York,Active,09-03-2024,77369.47656,heidi.davis.emp1585@example.com,2059438975,Average,0
EMP1586,Eva Miller,30,HR,Nevada,Pending,19-08-2023,76119.14063,eva.miller.emp1586@example.com,NULL,Good,0
EMP1587,Charlie Williams,25,Cloud Tech,Texas,Pending,06-05-2023,77585.71875,charlie.williams.emp1587@example.com,5465408423,Excellent,0
EMP1588,Bob Brown,35,Admin,Nevada,Pending,26-01-2024,74069.61719,bob.brown.emp1588@example.com,5607540914,Good,0
EMP1589,Charlie Jones,30,Admin,New York,Pending,05-09-2024,67691.92188,charlie.jones.emp1589@example.com,NULL,Average,1
EMP1590,Alice Smith,32,Finance,Nevada,Pending,29-05-2020,70345.6875,alice.smith.emp1590@example.com,7645793896,Excellent,1
EMP1591,Bob Garcia,30,DevOps,Illinois,Inactive,08-11-2021,74999.6875,bob.garcia.emp1591@example.com,NULL,Good,1
EMP1592,David Jones,25,HR,Illinois,Active,31-01-2021,72245.02344,david.jones.emp1592@example.com,1546602415,Poor,1
EMP1593,Eva Brown,32,Admin,Illinois,Pending,16-01-2022,106538.9766,eva.brown.emp1593@example.com,1394498829,Excellent,0
EMP1594,Charlie Brown,25,HR,New York,Active,29-12-2023,101787.1406,charlie.brown.emp1594@example.com,5973642479,Good,0
EMP1595,Frank Brown,30,DevOps,Nevada,Inactive,02-12-2024,83596.78125,frank.brown.emp1595@example.com,9624406305,Average,0
EMP1596,Eva Jones,40,Sales,Texas,Active,15-08-2023,92463.9375,eva.jones.emp1596@example.com,2447951329,Average,1
EMP1597,Charlie Davis,32,Admin,California,Pending,20-12-2024,93863.32031,charlie.davis.emp1597@example.com,5319497968,Excellent,0
EMP1598,Alice Brown,32,DevOps,Texas,Pending,31-03-2023,78359.40625,alice.brown.emp1598@example.com,5867805554,Good,0
EMP1599,Alice Miller,32,HR,Illinois,Pending,24-08-2022,95773.57031,alice.miller.emp1599@example.com,7277382645,Excellent,0
EMP1600,Grace Jones,30,Sales,Nevada,Inactive,01-10-2020,82529.07813,grace.jones.emp1600@example.com,NULL,Excellent,1
EMP1601,Grace Garcia,35,Sales,Texas,Pending,04-05-2021,109358.7266,grace.garcia.emp1601@example.com,4457702991,Good,0
EMP1602,Charlie Brown,32,Admin,Florida,Active,01-01-2021,89645.00781,charlie.brown.emp1602@example.com,9596604872,Good,1
EMP1603,Charlie Miller,40,HR,Texas,Active,08-04-2024,84134.95313,charlie.miller.emp1603@example.com,6826911632,Poor,1
EMP1604,Frank Davis,30,Cloud Tech,Nevada,Active,26-11-2022,113540.8281,frank.davis.emp1604@example.com,1942268652,Good,1
EMP1605,Heidi Williams,40,Cloud Tech,Texas,Pending,25-10-2021,57225.75,heidi.williams.emp1605@example.com,6945515887,Average,1
EMP1606,Eva Davis,35,Sales,Illinois,Pending,22-12-2020,76366.17188,eva.davis.emp1606@example.com,6367747225,Excellent,0
EMP1607,Bob Garcia,32,HR,Florida,Active,23-11-2022,78408.95313,bob.garcia.emp1607@example.com,4085721695,Excellent,1
EMP1608,Frank Brown,40,Finance,Illinois,Active,24-10-2022,111742.3984,frank.brown.emp1608@example.com,6630932997,Average,1
EMP1609,David Garcia,25,Sales,Nevada,Inactive,09-03-2021,60516.82813,david.garcia.emp1609@example.com,1996059328,Good,0
EMP1610,Bob Jones,30,Finance,California,Pending,20-08-2020,83706.17188,bob.jones.emp1610@example.com,7150968831,Average,0
EMP1611,David Johnson,32,Admin,Nevada,Inactive,15-02-2020,67056.92188,david.johnson.emp1611@example.com,7532735240,Average,1
EMP1612,Charlie Brown,30,DevOps,Illinois,Active,29-12-2024,90058.85156,charlie.brown.emp1612@example.com,NULL,Poor,0
EMP1613,Eva Johnson,30,Sales,Florida,Pending,28-02-2023,94633.59375,eva.johnson.emp1613@example.com,7819523709,Average,1
EMP1614,Eva Miller,25,Admin,Florida,Pending,23-08-2022,110711.1719,eva.miller.emp1614@example.com,NULL,Excellent,1
EMP1615,Grace Williams,32,Admin,Illinois,Active,30-06-2023,96175.40625,grace.williams.emp1615@example.com,9807704604,Average,1
EMP1616,Frank Smith,40,Sales,Illinois,Active,15-04-2021,76474.78906,frank.smith.emp1616@example.com,6876112490,Excellent,1
EMP1617,Alice Garcia,30,Sales,Illinois,Pending,09-05-2022,107855.9922,alice.garcia.emp1617@example.com,2565237340,Excellent,0
EMP1618,Charlie Davis,40,Sales,Illinois,Active,02-12-2024,104870.7813,charlie.davis.emp1618@example.com,5177345474,Excellent,1
EMP1619,Bob Williams,25,Finance,Nevada,Active,20-05-2023,85155.56,bob.williams.emp1619@example.com,7494902283,Good,0
EMP1620,Grace Brown,32,Finance,California,Active,29-11-2023,87087.15625,grace.brown.emp1620@example.com,NULL,Poor,0
EMP1621,Heidi Johnson,40,HR,Illinois,Pending,08-04-2024,108603.3438,heidi.johnson.emp1621@example.com,7742229463,Excellent,0
EMP1622,Grace Davis,30,HR,Florida,Active,25-10-2024,55867.23047,grace.davis.emp1622@example.com,3039429044,Excellent,0
EMP1623,Grace Johnson,35,Admin,Texas,Pending,02-03-2024,105259.5703,grace.johnson.emp1623@example.com,8867925297,Good,1
EMP1624,Bob Jones,32,Cloud Tech,Florida,Pending,24-02-2021,98143.67188,bob.jones.emp1624@example.com,5856728726,Excellent,0
EMP1625,Frank Johnson,25,Admin,Florida,Pending,13-04-2023,67754.28906,frank.johnson.emp1625@example.com,6015343323,Average,1
EMP1626,Grace Jones,32,HR,Illinois,Inactive,25-10-2023,77821.78906,grace.jones.emp1626@example.com,9135779082,Average,0
EMP1627,Heidi Miller,30,HR,Illinois,Pending,17-09-2022,67764.4375,heidi.miller.emp1627@example.com,3506158147,Poor,0
EMP1628,Frank Davis,40,DevOps,New York,Pending,31-08-2020,102346.9922,frank.davis.emp1628@example.com,8810798333,Excellent,1
EMP1629,Charlie Davis,25,Admin,Illinois,Inactive,28-05-2024,73690.64844,charlie.davis.emp1629@example.com,2337209483,Good,1
EMP1630,Alice Smith,30,Finance,Nevada,Active,05-07-2024,56376.19922,alice.smith.emp1630@example.com,1312840332,Average,1
EMP1631,Grace Brown,25,Cloud Tech,California,Active,29-01-2022,55602.78125,grace.brown.emp1631@example.com,9977180512,Good,0
EMP1632,Grace Jones,40,Sales,Nevada,Pending,09-08-2021,99812.40625,grace.jones.emp1632@example.com,7171731892,Good,0
EMP1633,Charlie Smith,40,Finance,Texas,Active,07-10-2024,95981.89844,charlie.smith.emp1633@example.com,9749096172,Average,1
EMP1634,Eva Johnson,30,Cloud Tech,Illinois,Pending,22-11-2022,98891.47656,eva.johnson.emp1634@example.com,9970469471,Good,1
EMP1635,Alice Johnson,35,Admin,Nevada,Active,18-11-2020,56079,alice.johnson.emp1635@example.com,5878444834,Average,1
EMP1636,Grace Smith,35,DevOps,Florida,Inactive,15-04-2023,85155.56,grace.smith.emp1636@example.com,4884712704,Good,1
EMP1637,Bob Davis,25,Sales,California,Pending,26-08-2024,89137.96875,bob.davis.emp1637@example.com,8772216416,Average,0
EMP1638,Frank Johnson,35,Admin,Illinois,Active,20-07-2022,115079.9688,frank.johnson.emp1638@example.com,5823133483,Excellent,1
EMP1639,Eva Garcia,30,Finance,Illinois,Active,18-02-2023,55067.01953,eva.garcia.emp1639@example.com,5871493924,Poor,1
EMP1640,Bob Miller,32,HR,Illinois,Pending,27-05-2021,98593.42969,bob.miller.emp1640@example.com,2362292586,Average,1
EMP1641,Heidi Miller,30,HR,Florida,Pending,01-08-2022,112756.6719,heidi.miller.emp1641@example.com,9643474523,Average,1
EMP1642,Heidi Garcia,25,HR,Texas,Inactive,21-07-2023,105205.9219,heidi.garcia.emp1642@example.com,5557469659,Poor,0
EMP1643,David Smith,35,Finance,California,Pending,02-01-2023,50680.62109,david.smith.emp1643@example.com,6065274032,Average,1
EMP1644,David Garcia,35,Cloud Tech,Florida,Pending,13-03-2024,107475.2266,david.garcia.emp1644@example.com,4450566587,Average,0
EMP1645,Charlie Jones,40,HR,California,Active,20-03-2023,68835.29688,charlie.jones.emp1645@example.com,3398741131,Good,1
EMP1646,David Jones,40,DevOps,New York,Active,15-02-2024,66943.96094,david.jones.emp1646@example.com,5797067348,Poor,1
EMP1647,David Smith,30,Admin,Illinois,Inactive,15-11-2020,104525.6875,david.smith.emp1647@example.com,9601054856,Excellent,0
EMP1648,Bob Garcia,40,Sales,Texas,Pending,27-03-2020,109360.7422,bob.garcia.emp1648@example.com,4172156228,Average,1
EMP1649,Frank Jones,40,Sales,California,Inactive,09-01-2021,118907.6328,frank.jones.emp1649@example.com,4938173597,Poor,0
EMP1650,Eva Davis,40,Admin,Illinois,Active,20-04-2020,86801.47656,eva.davis.emp1650@example.com,4884021556,Good,0
EMP1651,Alice Garcia,32,HR,Florida,Pending,08-05-2024,62236.03125,alice.garcia.emp1651@example.com,3257375533,Excellent,1
EMP1652,Heidi Davis,35,DevOps,Texas,Active,12-10-2023,64752.67188,heidi.davis.emp1652@example.com,4902166669,Poor,0
EMP1653,Frank Jones,35,Sales,California,Active,28-01-2023,68399.42969,frank.jones.emp1653@example.com,8085096084,Excellent,0
EMP1654,Frank Miller,35,Admin,Florida,Inactive,07-03-2021,79336.50781,frank.miller.emp1654@example.com,8749511917,Excellent,0
EMP1655,Frank Jones,40,HR,Florida,Active,16-03-2023,59179.73828,frank.jones.emp1655@example.com,1828197930,Excellent,0
EMP1656,David Davis,25,DevOps,California,Active,11-02-2023,80255.3125,david.davis.emp1656@example.com,6477251294,Average,0
EMP1657,Charlie Williams,30,Finance,Texas,Active,13-05-2022,84971.85156,charlie.williams.emp1657@example.com,7860694095,Average,0
EMP1658,Frank Brown,40,HR,California,Pending,24-10-2024,89748.42188,frank.brown.emp1658@example.com,NULL,Good,0
EMP1659,Charlie Johnson,25,Admin,California,Inactive,14-09-2024,94090.35156,charlie.johnson.emp1659@example.com,8739592322,Good,0
EMP1660,Frank Garcia,35,HR,California,Pending,15-02-2023,115229.1172,frank.garcia.emp1660@example.com,4210890284,Poor,1
EMP1661,Alice Williams,40,Cloud Tech,California,Pending,25-05-2023,63927.07031,alice.williams.emp1661@example.com,1553334263,Good,1
EMP1662,Charlie Jones,35,HR,California,Pending,11-11-2022,84124.5625,charlie.jones.emp1662@example.com,3350271606,Excellent,0
EMP1663,Bob Miller,40,Sales,California,Inactive,17-07-2023,116961.6094,bob.miller.emp1663@example.com,3607763368,Excellent,1
EMP1664,Frank Smith,40,DevOps,Illinois,Pending,08-04-2022,109423.0469,frank.smith.emp1664@example.com,1128981230,Average,0
EMP1665,Charlie Jones,35,Admin,California,Inactive,30-08-2023,70394.9375,charlie.jones.emp1665@example.com,7955633184,Excellent,0
EMP1666,Grace Miller,35,Finance,California,Pending,17-04-2023,86465.5,grace.miller.emp1666@example.com,7481700665,Poor,1
EMP1667,Charlie Brown,30,Cloud Tech,New York,Pending,25-04-2021,96341.57813,charlie.brown.emp1667@example.com,1554164315,Excellent,0
EMP1668,Bob Jones,30,Admin,Florida,Active,14-07-2020,54465.46875,bob.jones.emp1668@example.com,7045023289,Excellent,0
EMP1669,Alice Davis,25,Finance,Illinois,Active,31-07-2020,68371.65625,alice.davis.emp1669@example.com,2822700933,Poor,0
EMP1670,Grace Smith,35,Admin,New York,Pending,04-08-2021,81021.22656,grace.smith.emp1670@example.com,5962622821,Good,0
EMP1671,Charlie Miller,25,Cloud Tech,Nevada,Inactive,28-10-2024,114069.0703,charlie.miller.emp1671@example.com,5120734653,Good,1
EMP1672,Heidi Miller,32,HR,Illinois,Inactive,03-10-2020,117867.9609,heidi.miller.emp1672@example.com,9500507025,Poor,0
EMP1673,Charlie Miller,32,Sales,Florida,Pending,13-03-2024,94509.57813,charlie.miller.emp1673@example.com,NULL,Average,0
EMP1674,Eva Brown,35,Finance,Illinois,Active,06-07-2024,56268.78125,eva.brown.emp1674@example.com,3161177686,Excellent,0
EMP1675,Grace Jones,35,Admin,California,Active,01-01-2020,86632.14063,grace.jones.emp1675@example.com,2904774257,Poor,1
EMP1676,Charlie Brown,35,HR,Florida,Pending,18-01-2020,98143.89844,charlie.brown.emp1676@example.com,5917793237,Excellent,0
EMP1677,Heidi Garcia,35,Cloud Tech,Florida,Inactive,07-05-2023,85155.56,heidi.garcia.emp1677@example.com,2231164912,Average,1
EMP1678,Frank Johnson,30,Finance,Illinois,Inactive,19-03-2022,67492.72656,frank.johnson.emp1678@example.com,3424579888,Excellent,1
EMP1679,Grace Johnson,40,Admin,California,Active,14-05-2022,93772.60938,grace.johnson.emp1679@example.com,4256529059,Poor,0
EMP1680,Eva Garcia,35,DevOps,Nevada,Pending,14-07-2024,68817.53906,eva.garcia.emp1680@example.com,3202032649,Excellent,0
EMP1681,Bob Jones,30,Admin,California,Active,28-07-2023,81874.00781,bob.jones.emp1681@example.com,9775396736,Good,1
EMP1682,Heidi Davis,30,HR,Texas,Active,11-04-2020,117880.1406,heidi.davis.emp1682@example.com,9487148551,Average,0
EMP1683,Bob Brown,35,HR,New York,Pending,16-06-2022,100897.4922,bob.brown.emp1683@example.com,4578715840,Average,1
EMP1684,Charlie Smith,25,Finance,New York,Inactive,10-05-2022,71810.36719,charlie.smith.emp1684@example.com,5608213710,Average,1
EMP1685,Frank Miller,40,DevOps,Texas,Inactive,13-06-2020,109048.2422,frank.miller.emp1685@example.com,8425476817,Poor,0
EMP1686,Alice Miller,35,Finance,Texas,Pending,20-08-2022,62712.26172,alice.miller.emp1686@example.com,2683230357,Average,0
EMP1687,Eva Jones,40,Cloud Tech,Texas,Pending,24-05-2021,76935.85156,eva.jones.emp1687@example.com,9298808582,Good,1
EMP1688,David Davis,25,Admin,Florida,Pending,27-04-2024,56577.21875,david.davis.emp1688@example.com,8252129327,Poor,1
EMP1689,David Johnson,40,Finance,Nevada,Inactive,23-10-2021,61102.80078,david.johnson.emp1689@example.com,9634064685,Good,1
EMP1690,Bob Johnson,35,Finance,Nevada,Inactive,10-02-2021,75229.86719,bob.johnson.emp1690@example.com,7752401483,Excellent,1
EMP1691,David Miller,25,Admin,Nevada,Inactive,26-10-2021,51054.73828,david.miller.emp1691@example.com,3991062271,Excellent,0
EMP1692,Bob Jones,40,Admin,Texas,Active,05-04-2023,104843.2734,bob.jones.emp1692@example.com,3626693350,Excellent,0
EMP1693,Charlie Brown,35,Cloud Tech,New York,Active,20-10-2022,56398.10938,charlie.brown.emp1693@example.com,3426192371,Excellent,0
EMP1694,Alice Johnson,25,HR,Nevada,Active,07-12-2023,87544.72656,alice.johnson.emp1694@example.com,4501848196,Good,0
EMP1695,Heidi Brown,30,HR,Illinois,Pending,29-03-2024,74312.24219,heidi.brown.emp1695@example.com,3741897214,Poor,0
EMP1696,David Davis,25,DevOps,Florida,Inactive,23-01-2024,59431.25,david.davis.emp1696@example.com,4064176926,Poor,1
EMP1697,Heidi Johnson,40,Sales,California,Pending,28-11-2023,84306.4375,heidi.johnson.emp1697@example.com,4381199536,Average,0
EMP1698,Frank Johnson,35,DevOps,Florida,Inactive,11-11-2024,108194.4688,frank.johnson.emp1698@example.com,6601444855,Good,0
EMP1699,Charlie Williams,25,Sales,New York,Inactive,28-08-2021,107359.2969,charlie.williams.emp1699@example.com,4510173972,Excellent,0
EMP1700,Heidi Johnson,25,DevOps,Illinois,Inactive,11-02-2024,85155.56,heidi.johnson.emp1700@example.com,9641789968,Good,0
EMP1701,Frank Garcia,32,Admin,California,Pending,09-05-2020,96080.25781,frank.garcia.emp1701@example.com,8609191910,Average,0
EMP1702,Grace Smith,30,Sales,Nevada,Inactive,17-04-2024,88602.75,grace.smith.emp1702@example.com,3599660576,Average,1
EMP1703,Frank Garcia,40,DevOps,California,Active,16-07-2020,86624.03906,frank.garcia.emp1703@example.com,9806603919,Good,1
EMP1704,Charlie Jones,30,Cloud Tech,New York,Active,21-09-2022,63413.16016,charlie.jones.emp1704@example.com,5146074554,Good,1
EMP1705,Grace Jones,40,Sales,Illinois,Pending,23-04-2023,67915.70313,grace.jones.emp1705@example.com,3470574237,Good,0
EMP1706,Bob Brown,25,Admin,Nevada,Inactive,27-12-2024,108245.4375,bob.brown.emp1706@example.com,8565271558,Poor,1
EMP1707,Alice Garcia,35,Sales,Nevada,Inactive,10-08-2024,75834.8125,alice.garcia.emp1707@example.com,8354116596,Excellent,1
EMP1708,Eva Garcia,32,Cloud Tech,Nevada,Active,04-09-2024,71273.32031,eva.garcia.emp1708@example.com,2634755751,Good,0
EMP1709,Bob Garcia,25,DevOps,New York,Pending,28-02-2022,63262.23047,bob.garcia.emp1709@example.com,2501394883,Good,0
EMP1710,David Davis,32,DevOps,New York,Pending,14-03-2024,89069.90625,david.davis.emp1710@example.com,8826913118,Good,0
EMP1711,Frank Johnson,40,DevOps,Nevada,Inactive,13-12-2024,57287.17188,frank.johnson.emp1711@example.com,6425856260,Average,1
EMP1712,Grace Smith,32,HR,Nevada,Active,29-12-2022,119890.3516,grace.smith.emp1712@example.com,4991537037,Average,1
EMP1713,Frank Brown,35,Sales,California,Inactive,24-04-2022,103492.9063,frank.brown.emp1713@example.com,2407333372,Poor,0
EMP1714,Frank Garcia,32,Admin,Illinois,Pending,14-03-2021,76254.42188,frank.garcia.emp1714@example.com,2043097767,Excellent,0
EMP1715,Eva Garcia,35,Finance,Florida,Inactive,01-01-2020,100841.9297,eva.garcia.emp1715@example.com,8936289695,Poor,1
EMP1716,Alice Williams,32,Admin,California,Active,07-09-2021,118907.6094,alice.williams.emp1716@example.com,4546553584,Excellent,1
EMP1717,Frank Brown,25,DevOps,California,Pending,13-11-2022,88942.61719,frank.brown.emp1717@example.com,1253892186,Average,0
EMP1718,Charlie Garcia,25,Cloud Tech,Florida,Inactive,15-11-2020,59688.57031,charlie.garcia.emp1718@example.com,8519358373,Average,0
EMP1719,David Brown,30,HR,California,Active,14-03-2023,77985.88281,david.brown.emp1719@example.com,9079779611,Average,1
EMP1720,Bob Johnson,35,Finance,New York,Inactive,18-08-2024,112931.6875,bob.johnson.emp1720@example.com,NULL,Poor,0
EMP1721,Bob Williams,32,DevOps,California,Active,05-02-2024,106583.8828,bob.williams.emp1721@example.com,1494097625,Good,1
EMP1722,Alice Brown,35,HR,Florida,Inactive,12-11-2024,58437.83984,alice.brown.emp1722@example.com,3748453985,Good,1
EMP1723,Alice Smith,40,Cloud Tech,California,Pending,25-03-2020,72352.15625,alice.smith.emp1723@example.com,2895090590,Average,1
EMP1724,Frank Smith,32,DevOps,New York,Active,13-04-2020,97154.46875,frank.smith.emp1724@example.com,1918623391,Good,1
EMP1725,Heidi Jones,32,Sales,Illinois,Active,30-03-2021,80235.5,heidi.jones.emp1725@example.com,2071511695,Good,0
EMP1726,Charlie Williams,30,HR,Texas,Inactive,16-03-2023,102172.0469,charlie.williams.emp1726@example.com,6672521451,Poor,0
EMP1727,Eva Williams,25,Finance,Illinois,Inactive,03-05-2024,98850.9375,eva.williams.emp1727@example.com,6471246334,Excellent,1
EMP1728,Heidi Jones,32,Admin,Florida,Inactive,28-08-2023,89993.14844,heidi.jones.emp1728@example.com,1571840907,Average,1
EMP1729,David Brown,30,Cloud Tech,California,Inactive,24-10-2021,97931.65625,david.brown.emp1729@example.com,NULL,Average,1
EMP1730,Bob Williams,40,Finance,California,Inactive,25-01-2021,72451.6875,bob.williams.emp1730@example.com,4099512396,Poor,1
EMP1731,Alice Smith,35,Admin,California,Pending,09-08-2024,119311.1406,alice.smith.emp1731@example.com,2835129591,Poor,1
EMP1732,Charlie Smith,40,Cloud Tech,New York,Active,04-11-2023,76167.46094,charlie.smith.emp1732@example.com,7282709080,Good,0
EMP1733,Bob Garcia,25,DevOps,Texas,Active,25-06-2023,114871.0781,bob.garcia.emp1733@example.com,4415298216,Average,0
EMP1734,Eva Johnson,25,HR,Nevada,Active,16-09-2021,81504.3125,eva.johnson.emp1734@example.com,3929578670,Excellent,0
EMP1735,David Williams,32,Admin,New York,Pending,07-12-2022,102524.8594,david.williams.emp1735@example.com,8153523735,Poor,0
EMP1736,Charlie Brown,25,Finance,Illinois,Pending,14-12-2022,53043.73828,charlie.brown.emp1736@example.com,NULL,Excellent,1
EMP1737,Eva Jones,30,DevOps,Illinois,Inactive,18-04-2020,82547.25781,eva.jones.emp1737@example.com,9988683451,Excellent,1
EMP1738,Bob Jones,40,DevOps,California,Pending,11-10-2024,113900.8125,bob.jones.emp1738@example.com,7346666169,Average,1
EMP1739,Bob Brown,25,HR,Nevada,Inactive,18-04-2021,118585.5,bob.brown.emp1739@example.com,7158796473,Average,1
EMP1740,Bob Davis,35,Finance,Illinois,Pending,29-06-2020,63049.21875,bob.davis.emp1740@example.com,NULL,Poor,1
EMP1741,Heidi Miller,32,DevOps,Texas,Active,21-05-2021,114558.9063,heidi.miller.emp1741@example.com,5080046357,Average,0
EMP1742,Heidi Johnson,40,DevOps,New York,Active,11-12-2021,97901.78906,heidi.johnson.emp1742@example.com,NULL,Average,1
EMP1743,Eva Jones,30,Sales,California,Active,05-07-2023,68037.5625,eva.jones.emp1743@example.com,7235137398,Average,0
EMP1744,Alice Williams,32,HR,New York,Active,30-11-2021,112802.2734,alice.williams.emp1744@example.com,NULL,Excellent,0
EMP1745,Bob Johnson,40,Sales,Nevada,Pending,22-11-2024,93786.71875,bob.johnson.emp1745@example.com,6356022938,Poor,0
EMP1746,David Williams,32,Admin,Florida,Inactive,24-05-2023,73049.92969,david.williams.emp1746@example.com,4694346065,Good,0
EMP1747,David Davis,30,Sales,Illinois,Pending,26-06-2024,64161.71875,david.davis.emp1747@example.com,6437490606,Excellent,1
EMP1748,Charlie Smith,40,Admin,Nevada,Pending,19-11-2020,72224.72656,charlie.smith.emp1748@example.com,2311127127,Average,0
EMP1749,Bob Johnson,30,HR,New York,Pending,01-03-2020,103580.4531,bob.johnson.emp1749@example.com,5246484493,Excellent,0
EMP1750,Grace Garcia,40,HR,Florida,Pending,09-08-2024,112589.1094,grace.garcia.emp1750@example.com,1163187327,Average,0
EMP1751,Eva Jones,30,Admin,Texas,Active,13-01-2021,51833.87891,eva.jones.emp1751@example.com,NULL,Average,1
EMP1752,Eva Johnson,32,Sales,Illinois,Active,06-05-2023,66252.78125,eva.johnson.emp1752@example.com,1369572789,Excellent,1
EMP1753,Frank Johnson,25,DevOps,Florida,Active,25-10-2022,109229.6797,frank.johnson.emp1753@example.com,8335090253,Poor,1
EMP1754,Frank Johnson,30,Finance,Florida,Inactive,08-10-2020,61465.05078,frank.johnson.emp1754@example.com,2573066247,Average,0
EMP1755,Grace Miller,25,HR,Florida,Active,29-02-2024,96993.74219,grace.miller.emp1755@example.com,1323570712,Poor,0
EMP1756,David Johnson,25,Admin,Florida,Pending,30-09-2022,98150.39063,david.johnson.emp1756@example.com,9848228500,Good,1
EMP1757,David Williams,40,Finance,Texas,Pending,14-02-2024,107703,david.williams.emp1757@example.com,1688092549,Average,0
EMP1758,Grace Smith,32,DevOps,Illinois,Pending,03-01-2023,86766.14063,grace.smith.emp1758@example.com,2130609068,Poor,1
EMP1759,Alice Davis,32,Cloud Tech,Florida,Inactive,20-08-2024,111443.6875,alice.davis.emp1759@example.com,1309810795,Poor,1
EMP1760,David Brown,32,Sales,Florida,Pending,21-03-2020,89039.07031,david.brown.emp1760@example.com,4967379456,Good,0
EMP1761,Alice Johnson,30,HR,Florida,Inactive,16-12-2024,71318.78906,alice.johnson.emp1761@example.com,7278532425,Poor,0
EMP1762,Heidi Jones,30,Finance,California,Pending,21-04-2020,98296.71094,heidi.jones.emp1762@example.com,4250642075,Poor,0
EMP1763,Heidi Johnson,40,Cloud Tech,Nevada,Pending,19-08-2020,62584,heidi.johnson.emp1763@example.com,8362536666,Good,0
EMP1764,Charlie Jones,40,Finance,California,Inactive,21-02-2020,62521.5,charlie.jones.emp1764@example.com,7767555627,Average,1
EMP1765,David Williams,40,Cloud Tech,California,Inactive,17-11-2023,95400.35156,david.williams.emp1765@example.com,3333939577,Poor,1
EMP1766,Charlie Jones,25,Cloud Tech,Texas,Pending,09-07-2022,94385.07031,charlie.jones.emp1766@example.com,6543627186,Poor,1
EMP1767,Grace Garcia,32,Sales,New York,Inactive,01-02-2023,76642.49219,grace.garcia.emp1767@example.com,4960335825,Poor,1
EMP1768,Frank Brown,32,DevOps,New York,Active,14-11-2024,60122.51953,frank.brown.emp1768@example.com,8627036923,Excellent,1
EMP1769,Alice Smith,40,HR,California,Pending,23-04-2024,117267.6328,alice.smith.emp1769@example.com,9269326572,Good,0
EMP1770,Charlie Jones,25,Admin,New York,Active,29-06-2023,85155.56,charlie.jones.emp1770@example.com,2759980110,Excellent,1
EMP1771,Heidi Jones,40,Sales,Texas,Pending,12-12-2024,84542.67969,heidi.jones.emp1771@example.com,NULL,Good,1
EMP1772,Heidi Smith,40,Finance,Florida,Active,16-05-2023,92007.14844,heidi.smith.emp1772@example.com,4159597751,Average,1
EMP1773,Eva Brown,32,DevOps,Illinois,Active,10-04-2020,62938.80078,eva.brown.emp1773@example.com,4418222617,Average,0
EMP1774,Frank Johnson,25,Admin,Texas,Pending,29-03-2023,108661.0078,frank.johnson.emp1774@example.com,9628874311,Poor,0
EMP1775,Bob Jones,25,Cloud Tech,Florida,Active,26-11-2020,97046.32813,bob.jones.emp1775@example.com,7102676719,Good,0
EMP1776,Charlie Smith,40,DevOps,Illinois,Inactive,14-03-2020,56518.83984,charlie.smith.emp1776@example.com,9579927078,Average,0
EMP1777,Frank Garcia,40,Cloud Tech,Florida,Pending,12-05-2020,70498.28906,frank.garcia.emp1777@example.com,5515122945,Good,1
EMP1778,Eva Garcia,35,Sales,Florida,Pending,05-03-2021,98708.0625,eva.garcia.emp1778@example.com,2135415969,Average,1
EMP1779,Bob Williams,32,DevOps,Nevada,Pending,28-06-2020,83856.40625,bob.williams.emp1779@example.com,9962543847,Excellent,0
EMP1780,Eva Smith,40,Sales,California,Inactive,12-12-2022,90259.99219,eva.smith.emp1780@example.com,NULL,Average,0
EMP1781,Charlie Williams,32,Sales,Florida,Pending,02-02-2024,94230.03125,charlie.williams.emp1781@example.com,5047158028,Excellent,1
EMP1782,Charlie Garcia,32,Admin,Nevada,Inactive,31-01-2021,50110.66016,charlie.garcia.emp1782@example.com,NULL,Average,1
EMP1783,Bob Brown,30,Sales,Florida,Inactive,03-04-2020,73365.46094,bob.brown.emp1783@example.com,4655866524,Poor,0
EMP1784,David Johnson,25,DevOps,New York,Pending,30-07-2021,67809.22656,david.johnson.emp1784@example.com,4837441714,Excellent,0
EMP1785,Eva Smith,32,Sales,California,Active,21-08-2020,98008.50781,eva.smith.emp1785@example.com,8102131250,Average,0
EMP1786,Alice Davis,30,Admin,California,Inactive,09-10-2023,83537.57813,alice.davis.emp1786@example.com,2931100590,Poor,0
EMP1787,Alice Garcia,30,Finance,New York,Pending,01-08-2022,112444.0781,alice.garcia.emp1787@example.com,2975191022,Excellent,1
EMP1788,Frank Garcia,40,Finance,Nevada,Active,06-09-2024,86475.13281,frank.garcia.emp1788@example.com,1211063300,Poor,1
EMP1789,Frank Davis,32,Sales,Texas,Active,28-03-2023,97984.53125,frank.davis.emp1789@example.com,6583737926,Good,1
EMP1790,Frank Miller,25,Admin,California,Active,25-11-2021,118853.3125,frank.miller.emp1790@example.com,4907280122,Good,0
EMP1791,Charlie Garcia,32,Sales,Florida,Active,03-05-2023,58179.12109,charlie.garcia.emp1791@example.com,4289311324,Excellent,0
EMP1792,Eva Jones,35,DevOps,Texas,Inactive,27-04-2022,56075.83984,eva.jones.emp1792@example.com,3269496842,Average,1
EMP1793,Frank Brown,40,HR,New York,Pending,11-09-2021,62250.89063,frank.brown.emp1793@example.com,6453804420,Excellent,1
EMP1794,Alice Smith,30,Cloud Tech,Florida,Pending,21-02-2020,105931.7734,alice.smith.emp1794@example.com,NULL,Poor,1
EMP1795,Charlie Davis,30,HR,Florida,Pending,24-11-2024,86653.96094,charlie.davis.emp1795@example.com,1595919456,Average,1
EMP1796,Charlie Jones,25,Sales,Nevada,Active,24-02-2021,100719.9375,charlie.jones.emp1796@example.com,5757475832,Good,0
EMP1797,Bob Davis,25,HR,Texas,Pending,02-10-2024,91600.13281,bob.davis.emp1797@example.com,9205677566,Average,1
EMP1798,Heidi Smith,25,Cloud Tech,Illinois,Pending,06-03-2024,71873.65625,heidi.smith.emp1798@example.com,7722660255,Good,1
EMP1799,Eva Williams,30,HR,New York,Active,09-08-2021,69365.46875,eva.williams.emp1799@example.com,2650622922,Average,1
EMP1800,Heidi Smith,25,HR,New York,Active,14-07-2021,58012.23047,heidi.smith.emp1800@example.com,1067245306,Average,1
EMP1801,Bob Miller,30,Sales,California,Pending,14-10-2021,68973.64844,bob.miller.emp1801@example.com,6248433796,Average,1
EMP1802,Eva Smith,32,Admin,New York,Active,29-09-2021,92928.39844,eva.smith.emp1802@example.com,6627051156,Poor,1
EMP1803,Heidi Smith,25,Admin,Texas,Inactive,15-10-2023,53531.92188,heidi.smith.emp1803@example.com,9423873669,Poor,1
EMP1804,Bob Miller,40,Finance,New York,Pending,05-05-2023,112389.3125,bob.miller.emp1804@example.com,4254969191,Excellent,0
EMP1805,Heidi Brown,32,HR,California,Inactive,01-08-2024,63870.30078,heidi.brown.emp1805@example.com,8455259709,Excellent,0
EMP1806,Bob Garcia,40,Sales,New York,Active,22-07-2024,106164.5313,bob.garcia.emp1806@example.com,7563353573,Good,0
EMP1807,Bob Smith,40,HR,Nevada,Pending,25-12-2023,103654.5391,bob.smith.emp1807@example.com,8595325938,Poor,0
EMP1808,David Miller,30,Sales,California,Inactive,13-03-2022,62834.71875,david.miller.emp1808@example.com,9337970580,Good,1
EMP1809,Frank Jones,35,Finance,Florida,Active,13-05-2020,83273.40625,frank.jones.emp1809@example.com,6295187793,Excellent,0
EMP1810,Heidi Williams,30,HR,California,Pending,22-03-2023,58917.57813,heidi.williams.emp1810@example.com,1763425072,Good,0
EMP1811,Bob Williams,35,Sales,Nevada,Active,10-06-2024,71148.27344,bob.williams.emp1811@example.com,3055978244,Excellent,1
EMP1812,Grace Smith,30,Sales,New York,Pending,21-11-2020,118172.4219,grace.smith.emp1812@example.com,7598339913,Poor,1
EMP1813,Frank Brown,30,DevOps,Illinois,Inactive,25-05-2024,118614.3672,frank.brown.emp1813@example.com,NULL,Average,0
EMP1814,Frank Brown,32,DevOps,New York,Active,19-09-2023,96872.35938,frank.brown.emp1814@example.com,4324006156,Poor,0
EMP1815,Heidi Jones,25,Sales,Illinois,Inactive,28-10-2021,88856.14063,heidi.jones.emp1815@example.com,2768297513,Good,1
EMP1816,Charlie Smith,35,Finance,Texas,Pending,10-08-2020,97985.60938,charlie.smith.emp1816@example.com,7439742924,Good,0
EMP1817,Grace Williams,35,Finance,Nevada,Pending,05-05-2020,56337.30859,grace.williams.emp1817@example.com,NULL,Poor,1
EMP1818,Alice Brown,30,DevOps,New York,Inactive,24-12-2022,70405.22656,alice.brown.emp1818@example.com,8065625903,Poor,1
EMP1819,Heidi Smith,30,Admin,Nevada,Inactive,05-09-2021,89919.35156,heidi.smith.emp1819@example.com,5990802710,Excellent,1
EMP1820,Eva Davis,40,DevOps,California,Active,08-04-2023,50568.35156,eva.davis.emp1820@example.com,2218231554,Good,1
EMP1821,Grace Brown,30,HR,Texas,Inactive,29-01-2023,85155.56,grace.brown.emp1821@example.com,1651768085,Good,0
EMP1822,Frank Miller,25,HR,Texas,Active,03-06-2022,99155.53125,frank.miller.emp1822@example.com,6281372142,Poor,1
EMP1823,Frank Davis,40,Finance,Florida,Inactive,21-01-2023,64785.12891,frank.davis.emp1823@example.com,3080037002,Average,1
EMP1824,Charlie Garcia,30,Sales,Florida,Inactive,16-09-2024,79206.47656,charlie.garcia.emp1824@example.com,3228556607,Good,0
EMP1825,Charlie Brown,30,Cloud Tech,Texas,Pending,02-02-2020,60079.71094,charlie.brown.emp1825@example.com,4706810389,Average,1
EMP1826,Grace Williams,30,Cloud Tech,New York,Pending,08-07-2024,79109.88281,grace.williams.emp1826@example.com,3397051957,Poor,0
EMP1827,Grace Johnson,32,Admin,Florida,Pending,18-05-2022,88643.5,grace.johnson.emp1827@example.com,2632809447,Poor,0
EMP1828,Frank Davis,30,Admin,Florida,Pending,16-01-2020,90455.70313,frank.davis.emp1828@example.com,5862394534,Excellent,0
EMP1829,David Garcia,32,HR,Florida,Pending,26-03-2023,75687.89844,david.garcia.emp1829@example.com,4614707985,Good,1
EMP1830,Heidi Jones,35,Cloud Tech,Illinois,Inactive,15-11-2023,55604.42188,heidi.jones.emp1830@example.com,3210613393,Average,0
EMP1831,Eva Jones,40,Sales,Texas,Pending,27-12-2024,92704.9375,eva.jones.emp1831@example.com,3945703942,Excellent,0
EMP1832,Bob Williams,32,Sales,California,Pending,18-04-2020,113250.9688,bob.williams.emp1832@example.com,8040325375,Good,1
EMP1833,Alice Brown,40,Finance,Illinois,Inactive,21-03-2023,101367.0234,alice.brown.emp1833@example.com,5769277893,Excellent,0
EMP1834,Eva Smith,35,Admin,Texas,Pending,08-05-2023,102459.7734,eva.smith.emp1834@example.com,3191009003,Poor,0
EMP1835,Eva Brown,25,DevOps,Florida,Pending,12-12-2020,90100.20313,eva.brown.emp1835@example.com,NULL,Good,0
EMP1836,Eva Williams,32,Cloud Tech,California,Inactive,17-06-2020,58877.48828,eva.williams.emp1836@example.com,3651460400,Excellent,0
EMP1837,Eva Jones,35,Admin,Illinois,Inactive,17-07-2021,85155.56,eva.jones.emp1837@example.com,4247310719,Excellent,0
EMP1838,Bob Brown,32,Admin,Illinois,Pending,05-11-2020,96140.89063,bob.brown.emp1838@example.com,1137984408,Average,1
EMP1839,Charlie Jones,35,DevOps,New York,Inactive,05-01-2021,105956.0391,charlie.jones.emp1839@example.com,7123166006,Excellent,0
EMP1840,Frank Davis,25,Admin,Illinois,Active,11-09-2024,84716.38281,frank.davis.emp1840@example.com,6762090143,Good,0
EMP1841,Grace Garcia,30,DevOps,Florida,Pending,29-07-2023,61709.82813,grace.garcia.emp1841@example.com,7340433699,Good,1
EMP1842,Frank Smith,25,DevOps,California,Active,17-04-2020,61732.03125,frank.smith.emp1842@example.com,9687304518,Average,1
EMP1843,Eva Davis,40,DevOps,Illinois,Active,16-02-2022,97845.70313,eva.davis.emp1843@example.com,5778255881,Good,1
EMP1844,Eva Jones,30,Sales,Florida,Active,14-08-2021,114905.5781,eva.jones.emp1844@example.com,5562965753,Poor,0
EMP1845,Frank Jones,32,DevOps,Texas,Active,24-12-2022,94619.6875,frank.jones.emp1845@example.com,2786561941,Good,1
EMP1846,Grace Johnson,32,DevOps,California,Inactive,07-07-2021,68696.14844,grace.johnson.emp1846@example.com,5577820581,Good,0
EMP1847,Grace Johnson,40,DevOps,Nevada,Active,12-02-2024,97032.28906,grace.johnson.emp1847@example.com,9582923615,Excellent,0
EMP1848,Frank Davis,30,HR,Illinois,Active,09-10-2023,50593.32813,frank.davis.emp1848@example.com,1880819047,Excellent,1
EMP1849,Grace Miller,25,Sales,Texas,Pending,02-07-2022,74606.14844,grace.miller.emp1849@example.com,2357155867,Good,1
EMP1850,Eva Davis,30,Cloud Tech,Texas,Pending,07-07-2020,53981.73047,eva.davis.emp1850@example.com,6395613722,Average,0
EMP1851,David Johnson,32,DevOps,Texas,Pending,02-09-2020,56047.05078,david.johnson.emp1851@example.com,NULL,Excellent,1
EMP1852,Grace Jones,32,Admin,Texas,Pending,12-01-2021,67733.5,grace.jones.emp1852@example.com,3813000412,Average,0
EMP1853,Bob Williams,40,HR,Florida,Pending,29-09-2023,103891.6406,bob.williams.emp1853@example.com,2114716559,Good,1
EMP1854,Charlie Davis,25,HR,Texas,Inactive,06-03-2022,73285.82813,charlie.davis.emp1854@example.com,9456534698,Good,1
EMP1855,Eva Jones,30,Finance,Texas,Inactive,14-02-2021,92721.13281,eva.jones.emp1855@example.com,7990707549,Poor,1
EMP1856,Heidi Williams,25,Admin,Illinois,Inactive,23-03-2021,92977.64063,heidi.williams.emp1856@example.com,4768169956,Excellent,0
EMP1857,Heidi Williams,35,Cloud Tech,Texas,Active,24-05-2020,89994.11719,heidi.williams.emp1857@example.com,NULL,Good,1
EMP1858,Heidi Johnson,25,Finance,New York,Pending,04-08-2023,50060.73047,heidi.johnson.emp1858@example.com,3176539704,Poor,0
EMP1859,Grace Davis,35,Admin,Nevada,Inactive,12-03-2022,90224.82031,grace.davis.emp1859@example.com,4873961028,Excellent,0
EMP1860,Heidi Brown,40,Finance,Florida,Pending,18-05-2024,106859.2969,heidi.brown.emp1860@example.com,NULL,Good,0
EMP1861,David Smith,25,Finance,Nevada,Inactive,05-09-2020,89707.07031,david.smith.emp1861@example.com,8049187273,Good,0
EMP1862,Frank Johnson,35,DevOps,California,Inactive,23-04-2020,94259.07813,frank.johnson.emp1862@example.com,2049561212,Excellent,1
EMP1863,Bob Johnson,35,Sales,California,Active,18-09-2024,82174.75,bob.johnson.emp1863@example.com,7730626041,Excellent,0
EMP1864,David Brown,30,Sales,Texas,Inactive,15-09-2023,63370.21875,david.brown.emp1864@example.com,3597371121,Excellent,0
EMP1865,Bob Smith,35,Finance,Texas,Pending,15-06-2022,101472.6875,bob.smith.emp1865@example.com,2990775607,Good,1
EMP1866,David Jones,25,DevOps,Illinois,Active,28-09-2022,77213.72656,david.jones.emp1866@example.com,5816704685,Good,0
EMP1867,Eva Miller,40,Sales,Florida,Active,16-03-2020,73749.96094,eva.miller.emp1867@example.com,1114576831,Poor,1
EMP1868,Alice Davis,40,Cloud Tech,New York,Pending,28-09-2023,86618.36719,alice.davis.emp1868@example.com,1021923784,Average,0
EMP1869,Charlie Miller,32,Admin,Texas,Active,15-02-2024,59911.32813,charlie.miller.emp1869@example.com,8471296179,Excellent,1
EMP1870,Heidi Jones,32,Cloud Tech,New York,Pending,21-08-2023,59137.64063,heidi.jones.emp1870@example.com,3324260507,Good,0
EMP1871,Alice Garcia,35,Cloud Tech,Florida,Pending,15-12-2020,108474.6484,alice.garcia.emp1871@example.com,NULL,Good,1
EMP1872,Bob Johnson,25,Finance,Illinois,Pending,27-03-2021,54417.71094,bob.johnson.emp1872@example.com,3733777311,Excellent,0
EMP1873,Frank Smith,40,HR,Texas,Pending,25-03-2023,88211.9375,frank.smith.emp1873@example.com,6881228216,Average,0
EMP1874,David Johnson,25,Sales,New York,Inactive,09-05-2020,58452.17969,david.johnson.emp1874@example.com,8192365345,Excellent,1
EMP1875,Grace Williams,30,DevOps,California,Pending,03-12-2020,80706.28125,grace.williams.emp1875@example.com,NULL,Average,1
EMP1876,Alice Johnson,30,Cloud Tech,Nevada,Pending,09-02-2022,85155.56,alice.johnson.emp1876@example.com,9327986238,Good,1
EMP1877,Heidi Johnson,25,Cloud Tech,Texas,Active,01-07-2020,99471.89063,heidi.johnson.emp1877@example.com,8471690617,Average,1
EMP1878,Eva Jones,40,DevOps,Florida,Pending,16-09-2020,64431.21875,eva.jones.emp1878@example.com,1205464753,Poor,0
EMP1879,Heidi Jones,40,Admin,New York,Pending,17-11-2023,52633.48047,heidi.jones.emp1879@example.com,8954787697,Good,0
EMP1880,Heidi Jones,32,Cloud Tech,Nevada,Inactive,13-12-2021,79315.00781,heidi.jones.emp1880@example.com,9992751757,Poor,1
EMP1881,David Miller,25,Sales,Texas,Pending,11-01-2022,110391.1719,david.miller.emp1881@example.com,8914444982,Excellent,0
EMP1882,David Williams,40,DevOps,Nevada,Active,20-07-2021,53714.82813,david.williams.emp1882@example.com,5539354357,Excellent,1
EMP1883,Charlie Garcia,40,Finance,New York,Active,04-10-2023,114587.1094,charlie.garcia.emp1883@example.com,6449639242,Excellent,1
EMP1884,Frank Garcia,35,Admin,Florida,Inactive,15-11-2021,93177.35156,frank.garcia.emp1884@example.com,5885379820,Average,0
EMP1885,Heidi Jones,25,Cloud Tech,Nevada,Active,05-01-2023,62312.12891,heidi.jones.emp1885@example.com,4339527535,Good,0
EMP1886,Heidi Smith,32,Cloud Tech,Texas,Active,17-01-2024,81137.46094,heidi.smith.emp1886@example.com,7497852490,Excellent,0
EMP1887,Grace Miller,30,DevOps,Nevada,Inactive,16-04-2021,104528.2734,grace.miller.emp1887@example.com,4168601346,Excellent,0
EMP1888,Bob Brown,30,DevOps,Florida,Active,08-02-2022,112395.5625,bob.brown.emp1888@example.com,7894896339,Good,0
EMP1889,Heidi Smith,25,Finance,New York,Active,02-06-2023,81849.35938,heidi.smith.emp1889@example.com,6791766511,Excellent,0
EMP1890,Charlie Davis,40,DevOps,New York,Pending,04-01-2022,118288.9063,charlie.davis.emp1890@example.com,2150014187,Poor,0
EMP1891,Charlie Davis,25,DevOps,Illinois,Active,28-07-2021,59555.10156,charlie.davis.emp1891@example.com,4216309000,Good,1
EMP1892,Heidi Smith,40,Admin,California,Active,20-12-2024,70661.3125,heidi.smith.emp1892@example.com,5944633398,Good,1
EMP1893,Charlie Jones,32,Sales,New York,Active,23-04-2022,109988.1563,charlie.jones.emp1893@example.com,9485320894,Good,1
EMP1894,David Brown,32,Finance,Florida,Inactive,30-01-2020,101101.2422,david.brown.emp1894@example.com,3263890218,Poor,1
EMP1895,David Brown,30,HR,Florida,Pending,31-03-2021,112427.5781,david.brown.emp1895@example.com,9471136336,Good,1
EMP1896,Charlie Miller,32,Cloud Tech,Florida,Active,23-03-2020,119389.1484,charlie.miller.emp1896@example.com,9223410345,Poor,0
EMP1897,Alice Brown,40,Sales,Florida,Inactive,16-07-2024,105861.2266,alice.brown.emp1897@example.com,9967331166,Good,1
EMP1898,Heidi Davis,40,Admin,Texas,Pending,22-03-2024,50869.60938,heidi.davis.emp1898@example.com,7269608436,Average,1
EMP1899,David Williams,30,HR,California,Active,19-08-2023,85155.56,david.williams.emp1899@example.com,6855078966,Excellent,1
EMP1900,Eva Jones,30,DevOps,Florida,Pending,10-03-2024,90856.21094,eva.jones.emp1900@example.com,9352196262,Average,1
EMP1901,Heidi Brown,30,DevOps,Florida,Active,05-06-2024,111008.6328,heidi.brown.emp1901@example.com,3556434368,Excellent,1
EMP1902,Alice Miller,25,Finance,Nevada,Inactive,23-12-2022,52289.98828,alice.miller.emp1902@example.com,7093170694,Poor,1
EMP1903,Eva Davis,32,Sales,Illinois,Active,01-06-2024,97926.5625,eva.davis.emp1903@example.com,5607676163,Average,1
EMP1904,Frank Williams,25,Sales,Nevada,Inactive,23-12-2024,53609.37891,frank.williams.emp1904@example.com,5345472238,Good,0
EMP1905,Heidi Johnson,32,Cloud Tech,California,Inactive,24-12-2020,95372.09375,heidi.johnson.emp1905@example.com,8983065030,Excellent,0
EMP1906,David Johnson,30,HR,New York,Pending,20-08-2020,95432.6875,david.johnson.emp1906@example.com,2198041846,Excellent,1
EMP1907,David Williams,30,HR,California,Inactive,28-10-2022,97615.86719,david.williams.emp1907@example.com,2426423641,Average,0
EMP1908,Bob Davis,35,HR,Florida,Inactive,23-10-2022,86867.78125,bob.davis.emp1908@example.com,8131909247,Poor,0
EMP1909,Eva Miller,40,Sales,California,Pending,20-11-2023,106615.7109,eva.miller.emp1909@example.com,7623039110,Average,0
EMP1910,Bob Williams,30,Finance,Texas,Active,11-03-2022,112856.2109,bob.williams.emp1910@example.com,4281785227,Poor,0
EMP1911,Bob Jones,25,Admin,California,Active,28-11-2023,60356.78125,bob.jones.emp1911@example.com,2305248087,Poor,1
EMP1912,David Jones,32,DevOps,Texas,Inactive,03-05-2022,117870.2188,david.jones.emp1912@example.com,NULL,Excellent,0
EMP1913,Charlie Johnson,40,HR,Florida,Inactive,19-02-2024,95127.90625,charlie.johnson.emp1913@example.com,5947372131,Average,0
EMP1914,Bob Brown,25,Admin,Illinois,Pending,18-11-2021,78818.42188,bob.brown.emp1914@example.com,9016204786,Average,0
EMP1915,Frank Miller,40,Sales,Nevada,Pending,21-12-2022,108933.5469,frank.miller.emp1915@example.com,6886878598,Poor,1
EMP1916,Eva Johnson,32,Admin,California,Active,04-06-2024,68200.52344,eva.johnson.emp1916@example.com,6486287202,Average,1
EMP1917,Eva Brown,25,Admin,California,Inactive,22-07-2022,116934.9688,eva.brown.emp1917@example.com,1954196663,Good,1
EMP1918,Charlie Brown,32,HR,New York,Active,14-09-2024,99567.78125,charlie.brown.emp1918@example.com,5057303626,Good,1
EMP1919,Charlie Garcia,30,Admin,Texas,Active,10-10-2021,90216.75781,charlie.garcia.emp1919@example.com,9246320373,Average,1
EMP1920,Frank Jones,30,Admin,Illinois,Pending,12-03-2020,96588.72656,frank.jones.emp1920@example.com,7677537259,Average,1
EMP1921,Charlie Davis,35,Finance,Illinois,Active,28-12-2022,71109.17969,charlie.davis.emp1921@example.com,3214505765,Poor,1
EMP1922,Grace Smith,40,Admin,Florida,Inactive,15-11-2020,50300.60156,grace.smith.emp1922@example.com,1945887070,Good,0
EMP1923,Frank Davis,35,Finance,California,Pending,27-09-2023,60295.83984,frank.davis.emp1923@example.com,5534820127,Good,0
EMP1924,Heidi Smith,35,DevOps,Texas,Pending,07-09-2022,113012.2109,heidi.smith.emp1924@example.com,4008385075,Excellent,0
EMP1925,Bob Williams,35,Cloud Tech,Florida,Pending,18-09-2024,65425.53906,bob.williams.emp1925@example.com,5975954507,Poor,1
EMP1926,Frank Jones,25,Sales,Nevada,Active,09-04-2023,86850.36719,frank.jones.emp1926@example.com,9177680897,Excellent,1
EMP1927,Eva Brown,30,Cloud Tech,Texas,Pending,05-10-2024,81182.07031,eva.brown.emp1927@example.com,1265742230,Good,1
EMP1928,Bob Miller,32,Finance,New York,Inactive,12-10-2021,92222.03125,bob.miller.emp1928@example.com,9646300401,Poor,1
EMP1929,Alice Smith,35,Finance,New York,Pending,14-10-2024,79934.82813,alice.smith.emp1929@example.com,3693626893,Average,1
EMP1930,Alice Davis,35,HR,California,Inactive,01-07-2022,111201.1172,alice.davis.emp1930@example.com,3012047136,Poor,0
EMP1931,Heidi Brown,40,Finance,California,Active,08-07-2024,100960.0469,heidi.brown.emp1931@example.com,2711759573,Average,0
EMP1932,Grace Smith,30,Sales,Illinois,Active,21-10-2020,64544.87109,grace.smith.emp1932@example.com,9885582983,Average,1
EMP1933,Frank Smith,25,Sales,Florida,Active,14-01-2020,78662.24219,frank.smith.emp1933@example.com,9330674583,Poor,1
EMP1934,Grace Garcia,30,Sales,Florida,Pending,09-03-2023,102867.0625,grace.garcia.emp1934@example.com,7609441282,Average,1
EMP1935,Charlie Smith,40,HR,Illinois,Inactive,27-03-2020,107595.9531,charlie.smith.emp1935@example.com,3372188565,Excellent,1
EMP1936,Eva Miller,40,Sales,Nevada,Inactive,04-04-2021,85155.56,eva.miller.emp1936@example.com,6954132970,Good,0
EMP1937,Eva Jones,35,DevOps,Nevada,Inactive,11-09-2020,95766.90625,eva.jones.emp1937@example.com,5066626704,Average,1
EMP1938,Grace Miller,30,Finance,Nevada,Pending,16-05-2021,51990.98047,grace.miller.emp1938@example.com,5143776935,Excellent,1
EMP1939,Heidi Johnson,25,Sales,Nevada,Inactive,05-04-2023,83634.00781,heidi.johnson.emp1939@example.com,6343925294,Average,1
EMP1940,Eva Brown,40,DevOps,Texas,Inactive,15-11-2022,85155.56,eva.brown.emp1940@example.com,9611110285,Good,1
EMP1941,Eva Jones,30,Sales,Texas,Active,16-10-2021,82273.07813,eva.jones.emp1941@example.com,7120072023,Excellent,0
EMP1942,Frank Garcia,30,Cloud Tech,California,Inactive,09-05-2022,94537.29688,frank.garcia.emp1942@example.com,5591024509,Good,1
EMP1943,Alice Jones,35,HR,Illinois,Pending,06-06-2020,85970.64844,alice.jones.emp1943@example.com,9109032670,Good,1
EMP1944,Charlie Jones,25,Sales,New York,Pending,22-10-2021,111071.0234,charlie.jones.emp1944@example.com,4949819420,Excellent,0
EMP1945,Eva Davis,35,DevOps,Nevada,Pending,12-01-2022,56708.33984,eva.davis.emp1945@example.com,7942817933,Excellent,0
EMP1946,Charlie Jones,25,Admin,Illinois,Inactive,02-02-2022,104516.5469,charlie.jones.emp1946@example.com,NULL,Excellent,0
EMP1947,Charlie Garcia,25,Admin,New York,Pending,28-03-2021,108210.1484,charlie.garcia.emp1947@example.com,6634533721,Poor,1
EMP1948,Bob Miller,40,Finance,Texas,Active,03-08-2024,85155.56,bob.miller.emp1948@example.com,NULL,Excellent,1
EMP1949,Frank Jones,35,DevOps,California,Active,31-07-2024,80935.64844,frank.jones.emp1949@example.com,1455937660,Excellent,0
EMP1950,Frank Williams,30,DevOps,California,Active,04-03-2024,107020.1875,frank.williams.emp1950@example.com,8943705262,Excellent,0
EMP1951,Charlie Brown,30,HR,New York,Active,23-09-2020,118677.6719,charlie.brown.emp1951@example.com,5100462775,Excellent,0
EMP1952,Bob Jones,25,Cloud Tech,Florida,Inactive,28-03-2020,63744.57031,bob.jones.emp1952@example.com,5725659201,Average,0
EMP1953,Alice Brown,40,Cloud Tech,California,Active,15-05-2020,85155.56,alice.brown.emp1953@example.com,4617520237,Poor,0
EMP1954,Bob Williams,25,Sales,New York,Pending,13-02-2021,62934.73047,bob.williams.emp1954@example.com,9743260054,Good,0
EMP1955,Bob Williams,30,DevOps,California,Pending,13-12-2021,74654.22656,bob.williams.emp1955@example.com,9550178331,Excellent,1
EMP1956,David Brown,32,Sales,Texas,Active,05-08-2024,85155.56,david.brown.emp1956@example.com,5848689992,Average,1
EMP1957,David Smith,30,HR,New York,Pending,09-01-2020,118150.5938,david.smith.emp1957@example.com,6079848703,Average,1
EMP1958,David Johnson,32,DevOps,Florida,Inactive,30-11-2023,91256.64063,david.johnson.emp1958@example.com,5069176798,Average,0
EMP1959,Bob Davis,30,HR,Florida,Inactive,14-03-2021,85997.57031,bob.davis.emp1959@example.com,3593744038,Good,0
EMP1960,Frank Smith,25,Finance,Texas,Pending,05-10-2020,84707.11719,frank.smith.emp1960@example.com,4640830372,Excellent,0
EMP1961,Eva Smith,32,DevOps,Texas,Active,02-11-2021,84559.89844,eva.smith.emp1961@example.com,6060148859,Poor,0
EMP1962,Heidi Miller,32,DevOps,California,Pending,18-09-2024,81076.90625,heidi.miller.emp1962@example.com,8490793883,Poor,0
EMP1963,Eva Davis,40,Admin,Texas,Inactive,22-10-2023,85155.56,eva.davis.emp1963@example.com,1368528305,Average,0
EMP1964,Heidi Davis,25,Finance,Florida,Pending,10-09-2023,97356.3125,heidi.davis.emp1964@example.com,1537012423,Good,1
EMP1965,Grace Smith,40,DevOps,Illinois,Active,27-02-2024,114770.3203,grace.smith.emp1965@example.com,4626325143,Good,1
EMP1966,Bob Jones,35,Admin,California,Active,03-05-2023,109082.0703,bob.jones.emp1966@example.com,8811210313,Good,0
EMP1967,David Miller,40,DevOps,Florida,Inactive,15-04-2024,99944.57031,david.miller.emp1967@example.com,2175188780,Poor,1
EMP1968,Eva Miller,40,HR,Florida,Pending,20-05-2023,116509.7188,eva.miller.emp1968@example.com,7941515262,Average,0
EMP1969,Eva Williams,30,Finance,Texas,Active,28-05-2021,84253.89844,eva.williams.emp1969@example.com,8409112251,Excellent,1
EMP1970,Charlie Garcia,25,Cloud Tech,Nevada,Active,27-08-2024,54776.01172,charlie.garcia.emp1970@example.com,8837505660,Poor,0
EMP1971,Charlie Davis,40,Sales,Nevada,Inactive,08-11-2020,71192.67969,charlie.davis.emp1971@example.com,8632397912,Average,0
EMP1972,Bob Smith,32,Finance,Florida,Active,24-08-2021,96346.53125,bob.smith.emp1972@example.com,7876553006,Average,1
EMP1973,Eva Williams,32,HR,Illinois,Pending,06-02-2020,116680.6328,eva.williams.emp1973@example.com,3095055604,Excellent,1
EMP1974,Grace Brown,25,Finance,Florida,Inactive,12-10-2024,76343.5625,grace.brown.emp1974@example.com,7121988191,Excellent,0
EMP1975,Alice Johnson,30,Sales,Nevada,Inactive,16-12-2024,99424.14063,alice.johnson.emp1975@example.com,7788519052,Excellent,0
EMP1976,Charlie Garcia,35,DevOps,Florida,Inactive,13-04-2024,57656.73828,charlie.garcia.emp1976@example.com,4864010423,Good,1
EMP1977,Heidi Garcia,40,Sales,New York,Pending,24-04-2020,77396.9375,heidi.garcia.emp1977@example.com,6245618516,Excellent,1
EMP1978,Grace Garcia,32,DevOps,California,Inactive,18-10-2021,54299.67969,grace.garcia.emp1978@example.com,4460045211,Average,0
EMP1979,Charlie Miller,35,HR,Nevada,Pending,25-02-2020,103563.5781,charlie.miller.emp1979@example.com,8991511454,Excellent,1
EMP1980,Grace Brown,25,Finance,California,Inactive,23-04-2022,74588.85156,grace.brown.emp1980@example.com,1293913043,Average,0
EMP1981,David Garcia,30,DevOps,California,Pending,22-06-2020,113727.2266,david.garcia.emp1981@example.com,8818984840,Poor,0
EMP1982,Eva Brown,25,HR,New York,Active,07-01-2023,72828.17969,eva.brown.emp1982@example.com,6046154020,Good,0
EMP1983,Grace Jones,32,Sales,Florida,Inactive,11-02-2020,98717.09375,grace.jones.emp1983@example.com,1901707567,Poor,0
EMP1984,Frank Garcia,40,Sales,Florida,Inactive,18-03-2023,56840.80078,frank.garcia.emp1984@example.com,1429831521,Poor,1
EMP1985,David Johnson,35,Finance,Illinois,Pending,26-11-2021,61663.91016,david.johnson.emp1985@example.com,9107322835,Average,1
EMP1986,Grace Brown,30,Finance,Nevada,Active,17-09-2024,109523.3984,grace.brown.emp1986@example.com,NULL,Poor,1
EMP1987,Eva Brown,25,HR,Illinois,Inactive,05-07-2024,65812.02344,eva.brown.emp1987@example.com,3963845268,Average,1
EMP1988,Bob Johnson,32,Cloud Tech,Illinois,Inactive,13-07-2021,54708.87891,bob.johnson.emp1988@example.com,6944391648,Excellent,1
EMP1989,Heidi Garcia,40,Admin,California,Active,27-08-2023,107661.7266,heidi.garcia.emp1989@example.com,7016934291,Excellent,1
EMP1990,Eva Johnson,40,DevOps,Illinois,Inactive,13-02-2021,79002,eva.johnson.emp1990@example.com,9132033015,Average,1
EMP1991,Heidi Brown,32,Admin,Texas,Pending,11-12-2023,86135.6875,heidi.brown.emp1991@example.com,2341903105,Excellent,0
EMP1992,Heidi Johnson,30,DevOps,Nevada,Inactive,02-07-2021,115601.3984,heidi.johnson.emp1992@example.com,1537221555,Good,1
EMP1993,Grace Brown,32,DevOps,Nevada,Active,05-12-2022,64045.35938,grace.brown.emp1993@example.com,6847323652,Poor,1
EMP1994,David Brown,30,DevOps,Nevada,Inactive,24-09-2024,80477.21094,david.brown.emp1994@example.com,3774604066,Good,0
EMP1995,Bob Jones,30,Finance,California,Inactive,16-08-2023,61240.89844,bob.jones.emp1995@example.com,2007843613,Poor,1
EMP1996,David Smith,40,Admin,Texas,Active,28-01-2021,51939.28906,david.smith.emp1996@example.com,2442607818,Excellent,1
EMP1997,Eva Brown,40,Finance,Illinois,Inactive,14-05-2022,95284.53906,eva.brown.emp1997@example.com,7543734763,Good,0
EMP1998,Charlie Garcia,35,Admin,Texas,Inactive,05-06-2024,106247.6719,charlie.garcia.emp1998@example.com,2737203762,Excellent,1
EMP1999,Charlie Williams,25,DevOps,Florida,Active,23-04-2020,110170.8828,charlie.williams.emp1999@example.com,8821458413,Poor,1
EMP2000,Charlie Miller,25,HR,Nevada,Pending,10-06-2024,52615.44141,charlie.miller.emp2000@example.com,8460191343,Average,1
EMP2001,Eva Davis,30,DevOps,Illinois,Inactive,18-04-2020,82547.25781,eva.davis.emp2001@example.com,3899827801,Average,0
EMP2002,Bob Smith,35,Finance,Illinois,Pending,29-06-2020,63049.21875,bob.smith.emp2002@example.com,NULL,Good,1
EMP2003,Frank Smith,35,HR,California,Pending,15-02-2023,115229.1172,frank.smith.emp2003@example.com,1464493698,Excellent,1
EMP2004,Grace Smith,25,DevOps,Illinois,Pending,15-06-2023,60687.62891,grace.smith.emp2004@example.com,9516793349,Excellent,0
EMP2005,Frank Jones,30,Finance,Illinois,Inactive,19-03-2022,67492.72656,frank.jones.emp2005@example.com,5573857367,Good,1
EMP2006,Grace Brown,32,HR,Illinois,Inactive,25-10-2023,77821.78906,grace.brown.emp2006@example.com,NULL,Average,0
EMP2007,Charlie Jones,35,DevOps,Texas,Active,14-07-2022,69146.95313,charlie.jones.emp2007@example.com,6811872332,Poor,0
EMP2008,Grace Brown,35,Admin,Nevada,Inactive,12-03-2022,90224.82031,grace.brown.emp2008@example.com,5104096148,Good,1
EMP2009,David Garcia,32,Finance,Illinois,Pending,11-06-2024,62603.98047,david.garcia.emp2009@example.com,7315391148,Poor,0
EMP2010,Bob Jones,35,Sales,Nevada,Active,10-06-2024,71148.27344,bob.jones.emp2010@example.com,8307482072,Average,0
EMP2011,David Jones,40,Admin,California,Inactive,21-09-2022,52031.73828,david.jones.emp2011@example.com,6511893939,Excellent,1
EMP2012,Grace Miller,35,DevOps,Florida,Inactive,15-04-2023,85155.56,grace.miller.emp2012@example.com,6557820189,Average,0
EMP2013,Eva Williams,32,HR,Illinois,Pending,06-02-2020,116680.6328,eva.williams.emp2013@example.com,4322302332,Good,0
EMP2014,Grace Jones,30,Finance,Nevada,Pending,16-05-2021,51990.98047,grace.jones.emp2014@example.com,2470739200,Excellent,1
EMP2015,David Miller,30,HR,California,Active,19-08-2023,85155.56,david.miller.emp2015@example.com,3546212759,Good,1
EMP2016,David Johnson,30,Cloud Tech,Texas,Inactive,07-11-2021,100215.0625,david.johnson.emp2016@example.com,2508261122,Good,1
EMP2017,Charlie Williams,40,Finance,New York,Active,04-10-2023,114587.1094,charlie.williams.emp2017@example.com,1261632487,Average,0
EMP2018,Alice Garcia,30,HR,Florida,Inactive,16-12-2024,71318.78906,alice.garcia.emp2018@example.com,8995729892,Good,1
EMP2019,Heidi Jones,30,DevOps,Illinois,Pending,22-02-2021,77764.24219,heidi.jones.emp2019@example.com,7629745492,Average,0
